symbol,name,price,pct_change,market_cap,security_type,last_close,last_volume,avg_volume_20d,volume_ratio,day_change_pct,score,reasons,float_shares,news
CISS,C3is Inc. Common Stock,0.962,-40.982,520527.0,Common,0.9620000123977661,898900.0,98575.0,9.11894496576211,-40.98159415877405,65.0,"['거래량 20일 평균 대비 9.1배', '당일 변동률 -41.0%', '매우 낮은 유통주식수 (32만주)', '초소형주 (시가총액 5,000만 달러 미만)']",323160.0,[]
AEHL,Antelope Enterprise Holdings Limited Class A Ordinary Shares,0.7166,28.7,13008042.0,Common,0.7200000286102295,95904600.0,5074705.0,18.898556664870174,28.57143313300851,59.3,"['거래량 20일 평균 대비 18.9배', '당일 변동률 +28.6%', '매우 낮은 유통주식수 (439만주)', '초소형주 (시가총액 5,000만 달러 미만)']",4399425.0,[]
VRME,"VerifyMe, Inc. Common Stock",0.6411,0.172,8410633.0,Common,0.6410999894142151,46200.0,41800.0,1.105263157894737,0.17187558498700525,58.0,"['SEC 공시: 확정 합병계약, 리버스 머저(우회상장) (S-4/A, 2026-06-30)', '낮은 유통주식수 (1,032만주)', '초소형주 (시가총액 5,000만 달러 미만)']",10329821.0,[]
SNTI,"Senti Biosciences Holdings, Inc. Common Stock",0.4266,-3.156,13286352.0,Common,0.4269999861717224,117100.0,385200.0,0.3039979231568017,-3.1746095034264226,58.0,"['SEC 공시: 리버스 머저(우회상장) (PREM14A, 2026-07-21)', '낮은 유통주식수 (1,244만주)', '초소형주 (시가총액 5,000만 달러 미만)']",12448558.0,[]
TAOP,Taoping Inc. Ordinary Shares ,0.9657,-20.844,9225123.0,Common,0.9700000286102295,79200.0,9805.0,8.07751147373789,-20.491802798135097,55.2,"['거래량 20일 평균 대비 8.1배', '당일 변동률 -20.5%', '매우 낮은 유통주식수 (415만주)', '초소형주 (시가총액 5,000만 달러 미만)']",4159915.0,[]
RSVRW,"Reservoir Media, Inc. Warrant",0.014,-30.0,919264.0,Warrant,0.014000000432133675,27500.0,3925.0,7.006369426751593,-29.999996274709616,53.0,"['거래량 20일 평균 대비 7.0배', '당일 변동률 -30.0%', '낮은 유통주식수 (1,431만주)', '초소형주 (시가총액 5,000만 달러 미만)']",14316880.0,[]
LBGJ,Li Bang International Corporation Class A Ordinary Shares,0.0312,-9.565,104782.0,Common,0.03099999949336052,257982500.0,22021570.0,11.714991256300072,-11.428573253203405,50.7,"['거래량 20일 평균 대비 11.7배', '당일 변동률 -11.4%', '매우 낮은 유통주식수 (17만주)', '초소형주 (시가총액 5,000만 달러 미만)']",178863.0,[]
OMEX,"Odyssey Marine Exploration, Inc. Common Stock",0.7309,-5.495,42811821.0,Common,0.7310000061988831,134900.0,593345.0,0.22735508009673966,-5.433375886782944,50.0,"['SEC 공시: 합병계획계약, 리버스 머저(우회상장) (S-4/A, 2026-07-01)', '초소형주 (시가총액 5,000만 달러 미만)']",41210404.0,[]
SXTC,"China SXT Pharmaceuticals, Inc. Class A Ordinary Shares",0.3326,-83.535,12711332.0,Common,0.3330000042915344,62655400.0,1370210.0,45.7268593865174,-83.51485111703826,50.0,"['거래량 20일 평균 대비 45.7배', '당일 변동률 -83.5%', '초소형주 (시가총액 5,000만 달러 미만)']",31944872.0,[]
DXLG,"Destination XL Group, Inc. Common Stock",0.6247,0.016,34529101.0,Common,0.6200000047683716,18500.0,68650.0,0.269482884195193,0.0,50.0,"['SEC 공시: 확정 합병계약, 리버스 머저(우회상장) (PREM14A, 2026-07-17)', '초소형주 (시가총액 5,000만 달러 미만)']",28056621.0,[]
SAFX,"XCF Global, Inc. Class A Common Stock",0.4202,-1.569,139743176.0,Common,0.41999998688697815,1350100.0,4424715.0,0.30512699688002504,-1.639344147877593,50.0,"['SEC 공시: 사업결합계약, 확정 합병계약, 리버스 머저(우회상장) (S-4/A, 2026-07-14)']",54154638.0,[]
VYNE,VYNE Therapeutics Inc. Common Stock,0.9234,2.874,30827760.0,Common,0.9229999780654907,974700.0,1802460.0,0.5407609600213042,2.7839617043476874,50.0,"['SEC 공시: 리버스 머저(우회상장) (8-K, 2026-07-14)', '초소형주 (시가총액 5,000만 달러 미만)']",30544547.0,[]
WETO,Wetour Robotics Limited Ordinary Shares,0.1144,-18.344,9389952.0,Common,0.11400000005960464,40245900.0,3647170.0,11.034829744706169,-18.5714288755339,47.3,"['거래량 20일 평균 대비 11.0배', '당일 변동률 -18.6%', '낮은 유통주식수 (1,762만주)', '초소형주 (시가총액 5,000만 달러 미만)']",17626840.0,[]
LAB,Standard BioTools Inc. Common Stock,0.8753,6.953,342647497.0,Common,0.8799999952316284,2974500.0,4641600.0,0.640835056876939,7.317073525310204,45.0,"['SEC 공시: 확정 합병계약, 리버스 머저(우회상장) (S-4, 2026-07-20)']",209959493.0,[]
IPW,iPower Inc. Common Stock,0.83,-6.742,1569652.0,Common,0.8299999833106995,15567700.0,1718425.0,9.059283937326331,-6.741573409952315,45.0,"['거래량 20일 평균 대비 9.1배', '매우 낮은 유통주식수 (58만주)', '초소형주 (시가총액 5,000만 달러 미만)']",585614.0,[]
GELS,Gelteq Limited Ordinary Shares,0.743,9.393,7958317.0,Common,0.7429999709129333,500500.0,108845.0,4.598281960586155,9.425618409144178,42.7,"['거래량 20일 평균 대비 4.6배', '당일 변동률 +9.4%', '낮은 유통주식수 (515만주)', '초소형주 (시가총액 5,000만 달러 미만)']",5150874.0,[]
SMTK,"SmartKem, Inc. Common Stock",0.2271,20.927,4870435.0,Common,0.22699999809265137,2200000.0,505695.0,4.350448392805941,20.74468397093132,40.4,"['거래량 20일 평균 대비 4.4배', '당일 변동률 +20.7%', '초소형주 (시가총액 5,000만 달러 미만)']",20526385.0,[]
YOUL,Youlife Group Inc. American Depositary Shares,0.7799,29.853,108960612.0,ADS/ADR,0.7799999713897705,7276000.0,428940.0,16.962745372313144,29.78368671481915,39.9,"['거래량 20일 평균 대비 17.0배', '당일 변동률 +29.8%']",49343309.0,[]
FEBO,Fenbo Holdings Limited Class A Ordinary Shares,0.765,12.5,8462813.0,Common,0.7649999856948853,8400.0,3640.0,2.3076923076923075,12.499996712979183,39.3,"['거래량 20일 평균 대비 2.3배', '당일 변동률 +12.5%', '매우 낮은 유통주식수 (306만주)', '초소형주 (시가총액 5,000만 달러 미만)']",3062543.0,[]
RITR,Reitar Logtech Holdings Limited Ordinary shares,0.1307,-7.107,8161398.0,Common,0.13099999725818634,2756500.0,781290.0,3.528139359264806,-7.092202254196896,38.0,"['거래량 20일 평균 대비 3.5배', '낮은 유통주식수 (1,729만주)', '초소형주 (시가총액 5,000만 달러 미만)']",17293797.0,[]
CCGWW,Cheche Group Inc. Warrant,0.0188,33.333,47102.0,Warrant,0.01899999938905239,11600.0,11605.0,0.999569151227919,35.71427716132356,37.9,"['당일 변동률 +35.7%', '매우 낮은 유통주식수 (82만주)', '초소형주 (시가총액 5,000만 달러 미만)']",821826.0,[]
ATER,"Aterian, Inc. Common Stock",0.55,-14.183,5983676.0,Common,0.550000011920929,599900.0,220440.0,2.7213754309562694,-14.196562364733017,37.3,"['거래량 20일 평균 대비 2.7배', '당일 변동률 -14.2%', '낮은 유통주식수 (654만주)', '초소형주 (시가총액 5,000만 달러 미만)']",6547836.0,[]
MYSEW,"Myseum.AI, Inc. Series A Warrant",0.0402,,208896.0,Warrant,0.03999999910593033,2300.0,885.0,2.598870056497175,0.0,36.0,"['거래량 20일 평균 대비 2.6배', '매우 낮은 유통주식수 (477만주)', '초소형주 (시가총액 5,000만 달러 미만)']",4779815.0,[]
GSUN,Golden Sun Technology Group Limited Class A Ordinary Shares,0.346,26.139,3469989.0,Common,0.34599998593330383,17579200.0,9359085.0,1.8783032743051271,26.27737218338131,34.9,"['거래량 20일 평균 대비 1.9배', '당일 변동률 +26.3%', '낮은 유통주식수 (806만주)', '초소형주 (시가총액 5,000만 달러 미만)']",8068618.0,[]
WHLR,"Wheeler Real Estate Investment Trust, Inc. Common Stock",0.2328,-28.015,805511.0,Common,0.2329999953508377,1158900.0,2882410.0,0.4020593878039557,-27.863781617448545,33.9,"['당일 변동률 -27.9%', '매우 낮은 유통주식수 (10만주)', '초소형주 (시가총액 5,000만 달러 미만)']",108914.0,[]
GRABW,Grab Holdings Limited Warrant,0.024,-19.463,98411563.0,Warrant,0.024000000208616257,72400.0,21810.0,3.3195781751490143,-19.99999751647308,33.2,"['거래량 20일 평균 대비 3.3배', '당일 변동률 -20.0%']",2777069100.0,[]
TPST,"Tempest Therapeutics, Inc. Common Stock",0.9406,-1.104,15030234.0,Common,0.9409999847412109,464700.0,175260.0,2.6514892160219103,-1.051523735435094,29.5,"['거래량 20일 평균 대비 2.7배', '낮은 유통주식수 (972만주)', '초소형주 (시가총액 5,000만 달러 미만)']",9727901.0,[]
SOBR,"SOBR Safe, Inc. Common Stock",0.6812,17.957,1911842.0,Common,0.6809999942779541,1005800.0,24937470.0,0.04033288060095912,17.820066367399107,28.9,"['당일 변동률 +17.8%', '매우 낮은 유통주식수 (203만주)', '초소형주 (시가총액 5,000만 달러 미만)']",2033635.0,[]
TNMG,TNL Mediagene Ordinary Shares,0.4,17.647,1172503.0,Common,0.4000000059604645,6650800.0,18631925.0,0.3569572118822934,17.64705933914052,28.8,"['당일 변동률 +17.6%', '매우 낮은 유통주식수 (189만주)', '초소형주 (시가총액 5,000만 달러 미만)']",1898259.0,[]
GIPR,Generation Income Properties Inc. Common Stock,0.7426,-17.617,765177.0,Common,0.7429999709129333,217000.0,850477.5,0.25515078294252347,-17.536076355334174,28.8,"['당일 변동률 -17.5%', '매우 낮은 유통주식수 (58만주)', '초소형주 (시가총액 5,000만 달러 미만)']",586666.0,[]
BNRG,Brenmiller Energy Ltd Ordinary Shares,0.7815,-15.294,2048075.0,Common,0.7820000052452087,416300.0,2013530.0,0.20675132727101161,-15.276270441067924,27.6,"['당일 변동률 -15.3%', '매우 낮은 유통주식수 (14만주)', '초소형주 (시가총액 5,000만 달러 미만)']",142607.0,[]
FUSEW,Fusemachines Inc. Warrants,0.0774,26.678,2239897.0,Warrant,0.07699999958276749,500.0,1415.0,0.35335689045936397,26.229506094300042,26.1,"['당일 변동률 +26.2%', '낮은 유통주식수 (1,009만주)', '초소형주 (시가총액 5,000만 달러 미만)']",10097480.0,[]
ACGCW,ACP Holdings Acquisition Corp. Warrants,0.32,3.226,,Warrant,0.3199999928474426,25300.0,6160.0,4.107142857142857,3.225803350434739,25.0,['거래량 20일 평균 대비 4.1배'],,[]
GRML,Greenland Mines Ltd. Common Stock,0.2005,-9.847,24308351.0,Common,0.20100000500679016,20174000.0,8360285.0,2.413075630794883,-9.459458370988969,23.9,"['거래량 20일 평균 대비 2.4배', '당일 변동률 -9.5%', '초소형주 (시가총액 5,000만 달러 미만)']",100337115.0,[]
TMCWW,TMC the metals company Inc. Warrants,0.0422,-35.077,18281932.0,Warrant,0.041999999433755875,75600.0,134985.0,0.5600622291365708,-35.38461388568195,22.7,"['당일 변동률 -35.4%', '초소형주 (시가총액 5,000만 달러 미만)']",242681817.0,[]
TLSIW,"TriSalus Life Sciences, Inc. Warrant",0.88,3.529,54046551.0,Warrant,0.8799999952316284,12000.0,3695.0,3.2476319350473615,3.5294082997992935,22.5,['거래량 20일 평균 대비 3.2배'],49340816.0,[]
RNTX,"Rein Therapeutics, Inc. Common Stock",0.8001,-4.75,68439780.0,Common,0.800000011920929,1345800.0,420705.0,3.198916105109281,-4.761900369272073,22.0,['거래량 20일 평균 대비 3.2배'],66302159.0,[]
DFDVW,DeFi Development Corp. Warrant,0.36,2.887,10842554.0,Warrant,0.36000001430511475,9300.0,3480.0,2.6724137931034484,2.857148695965302,21.7,"['거래량 20일 평균 대비 2.7배', '초소형주 (시가총액 5,000만 달러 미만)']",21459823.0,[]
KALA,"KALA BIO, Inc. Common Stock",0.6103,-17.135,11345347.0,Common,0.6100000143051147,246800.0,180745.0,1.3654596254391547,-17.232018483424895,21.6,"['당일 변동률 -17.2%', '낮은 유통주식수 (1,858만주)', '초소형주 (시가총액 5,000만 달러 미만)']",18588345.0,[]
LUCYW,"Innovative Eyewear, Inc. Series A Warrants 8/16/27",0.065,16.906,416242.0,Warrant,0.06499999761581421,300.0,8780.0,0.03416856492027335,16.071420731213262,21.0,"['당일 변동률 +16.1%', '낮은 유통주식수 (575만주)', '초소형주 (시가총액 5,000만 달러 미만)']",5759897.0,[]
CYCU,"Cycurion, Inc. Common Stock",0.359,15.806,4118659.0,Common,0.35899999737739563,1714300.0,1396900.0,1.2272174099792397,15.806449876243454,20.9,"['당일 변동률 +15.8%', '낮은 유통주식수 (742만주)', '초소형주 (시가총액 5,000만 달러 미만)']",7426331.0,[]
ZOOZW,ZOOZ Strategy Ltd. Warrant,0.0232,-18.596,187946.0,Warrant,,,,,,20.0,"['매우 낮은 유통주식수 (441만주)', '초소형주 (시가총액 5,000만 달러 미만)']",4411293.0,[]
NEXRW,Nexera Technologies Ltd Warrant,0.0288,51.579,176604.0,Warrant,,,,,,20.0,"['매우 낮은 유통주식수 (80만주)', '초소형주 (시가총액 5,000만 달러 미만)']",806887.0,[]
SBFMW,Sunshine Biopharma Inc. Warrant,0.0611,89.752,129754.0,Warrant,,,,,,20.0,"['매우 낮은 유통주식수 (49만주)', '초소형주 (시가총액 5,000만 달러 미만)']",497436.0,[]
NIVFW,NewGenIvf Group Limited Warrants,0.0256,-26.857,87550.0,Warrant,,,,,,20.0,"['매우 낮은 유통주식수 (18만주)', '초소형주 (시가총액 5,000만 달러 미만)']",187374.0,[]
RVSNW,Rail Vision Ltd. Warrant,0.0277,20.961,60724.0,Warrant,,,,,,20.0,"['매우 낮은 유통주식수 (209만주)', '초소형주 (시가총액 5,000만 달러 미만)']",2091587.0,[]
SLXNW,Silexion Therapeutics Corp Warrant,0.05,66.113,53156.0,Warrant,,,,,,20.0,"['매우 낮은 유통주식수 (41만주)', '초소형주 (시가총액 5,000만 달러 미만)']",414621.0,[]
SMXWW,SMX (Security Matters) Public Limited Company Warrant,0.0246,23.0,24074.0,Warrant,,,,,,20.0,"['매우 낮은 유통주식수 (96만주)', '초소형주 (시가총액 5,000만 달러 미만)']",967266.0,[]
YDESW,YD Bio Limited Warrants,0.2301,-17.821,16298293.0,Warrant,,,,,,20.0,"['매우 낮은 유통주식수 (31만주)', '초소형주 (시가총액 5,000만 달러 미만)']",319740.0,[]
LOTWW,Lotus Technology Inc. Warrants,0.0656,-15.355,42121096.0,Warrant,,,,,,20.0,"['매우 낮은 유통주식수 (338만주)', '초소형주 (시가총액 5,000만 달러 미만)']",3383814.0,[]
SAIHW,SAIHEAT Limited Warrant,0.0374,-21.429,67707.0,Warrant,,,,,,20.0,"['매우 낮은 유통주식수 (108만주)', '초소형주 (시가총액 5,000만 달러 미만)']",1089613.0,[]
MTEKW,Maris-Tech Ltd. Warrants,0.1157,-16.22,1122131.0,Warrant,,,,,,20.0,"['매우 낮은 유통주식수 (336만주)', '초소형주 (시가총액 5,000만 달러 미만)']",3362611.0,[]
FGIWW,FGI Industries Ltd. Warrant,0.3299,1627.225,637126.0,Warrant,,,,,,20.0,"['매우 낮은 유통주식수 (53만주)', '초소형주 (시가총액 5,000만 달러 미만)']",534383.0,[]
XBPEW,"XBP Europe Holdings, Inc. Warrant",0.0406,-22.222,477783.0,Warrant,,,,,,20.0,"['매우 낮은 유통주식수 (437만주)', '초소형주 (시가총액 5,000만 달러 미만)']",4379833.0,[]
NCPLW,Netcapital Inc. Warrants,0.0243,20.896,190704.0,Warrant,,,,,,20.0,"['매우 낮은 유통주식수 (438만주)', '초소형주 (시가총액 5,000만 달러 미만)']",4387760.0,[]
DNMXW,Dynamix Corporation III Warrants,0.2701,0.037,,Warrant,0.27000001072883606,10600.0,4940.0,2.145748987854251,0.0,19.5,"['거래량 20일 평균 대비 2.1배', '낮은 유통주식수 (1,668만주)']",16680941.0,[]
SNYR,Synergy CHC Corp. Common Stock,0.1672,-8.833,2491260.0,Common,0.16699999570846558,458300.0,229840.0,1.9939958231813435,-8.743170911760533,19.3,"['거래량 20일 평균 대비 2.0배', '당일 변동률 -8.7%', '초소형주 (시가총액 5,000만 달러 미만)']",,[]
GCL,GCL Global Holdings Ltd Ordinary Shares,0.4865,5.761,62276234.0,Common,0.4869999885559082,210300.0,72555.0,2.898490800082696,5.869560809013829,19.0,['거래량 20일 평균 대비 2.9배'],37200949.0,[]
SLSN,"Solesence, Inc. Common Stock",0.9951,16.727,70286346.0,Common,1.0,101300.0,239910.0,0.4222416739610687,17.647055523618373,16.8,"['당일 변동률 +17.6%', '낮은 유통주식수 (1,831만주)']",18317112.0,[]
RMSG,Real Messenger Corporation Ordinary Shares,0.4113,5.192,3648758.0,Common,0.41100001335144043,562100.0,259840.0,2.1632543103448274,5.115092223705225,16.6,"['거래량 20일 평균 대비 2.2배', '초소형주 (시가총액 5,000만 달러 미만)']",0.0,[]
SPWR,SunPower Inc. Common Stock,0.5,-14.31,75141607.0,Common,0.5,6544600.0,3431930.0,1.9069736270844686,-14.383560385527746,16.3,"['거래량 20일 평균 대비 1.9배', '당일 변동률 -14.4%']",,[]
LIDRW,"AEye, Inc. Warrant",0.022,25.0,1018926.0,Warrant,0.02199999988079071,1300.0,36070.0,0.036041031327973386,22.222226821346243,16.1,"['당일 변동률 +22.2%', '초소형주 (시가총액 5,000만 달러 미만)']",44853587.0,[]
AVAT,Avalanche Treasury Corporation Class A Common Stock,0.381,-20.042,17267089.0,Common,0.38100001215934753,629000.0,607365.0,1.03562108452084,-20.125783295004755,15.1,"['당일 변동률 -20.1%', '초소형주 (시가총액 5,000만 달러 미만)']",,[]
FSHPR,Flag Ship Acquisition Corp. Right,0.0895,15.484,,Right,,,,,,15.0,['매우 낮은 유통주식수 (299만주)'],2998173.0,[]
EURKR,Eureka Acquisition Corp Right,0.34,17.241,,Right,,,,,,15.0,['매우 낮은 유통주식수 (307만주)'],3072834.0,[]
RDACR,Rising Dragon Acquisition Corp. Rights,0.1019,19.601,,Right,,,,,,15.0,['매우 낮은 유통주식수 (358만주)'],3583889.0,[]
BIOX,Bioceres Crop Solutions Corp. Ordinary Shares,0.348,1.606,22003427.0,Common,0.3479999899864197,315500.0,162115.0,1.946149338432594,1.4577245796178178,14.5,"['거래량 20일 평균 대비 1.9배', '초소형주 (시가총액 5,000만 달러 미만)']",,[]
STKH,Steakholder Foods Ltd. American Depositary Shares,0.461,-17.708,818306.0,ADS/ADR,0.460999995470047,1178100.0,893880.0,1.3179621425694723,-17.678572587972997,13.8,"['당일 변동률 -17.7%', '초소형주 (시가총액 5,000만 달러 미만)']",4554427430.0,[]
OMH,Ohmyhome Limited Class A Ordinary Shares,0.4242,17.507,12061899.0,Common,0.42399999499320984,19912300.0,16031960.0,1.242037779535378,17.451521693366303,13.7,"['당일 변동률 +17.5%', '초소형주 (시가총액 5,000만 달러 미만)']",21285151.0,[]
INEO,INNEOVA Holdings Limited Class A Ordinary Shares,0.7199,0.84,11641232.0,Common,0.7200000286102295,252100.0,138970.0,1.8140605886162482,0.8403420271523372,13.1,"['거래량 20일 평균 대비 1.8배', '초소형주 (시가총액 5,000만 달러 미만)']",,[]
DSYWW,Big Tree Cloud Holdings Limited Warrants,0.0131,-43.043,62250.0,Warrant,,,,,,13.0,"['낮은 유통주식수 (1,113만주)', '초소형주 (시가총액 5,000만 달러 미만)']",11139269.0,[]
AIIOW,Robo.ai Inc. Warrant,0.0279,-22.928,4830361.0,Warrant,,,,,,13.0,"['낮은 유통주식수 (1,776만주)', '초소형주 (시가총액 5,000만 달러 미만)']",17769764.0,[]
VWAVW,"VisionWave Holdings, Inc. Warrant",0.54,-16.923,14759317.0,Warrant,,,,,,13.0,"['낮은 유통주식수 (1,857만주)', '초소형주 (시가총액 5,000만 달러 미만)']",18571376.0,[]
MNTSW,Momentus Inc. Warrant,0.0129,41.758,242982.0,Warrant,,,,,,13.0,"['낮은 유통주식수 (845만주)', '초소형주 (시가총액 5,000만 달러 미만)']",8453669.0,[]
BFRIW,Biofrontera Inc. Warrants,0.0231,-18.947,295757.0,Warrant,,,,,,13.0,"['낮은 유통주식수 (908만주)', '초소형주 (시가총액 5,000만 달러 미만)']",9080004.0,[]
KTTAW,Pasithea Therapeutics Corp. Warrant,0.0096,35.211,320779.0,Warrant,,,,,,13.0,"['낮은 유통주식수 (1,662만주)', '초소형주 (시가총액 5,000만 달러 미만)']",16624022.0,[]
SBCWW,SBC Medical Group Holdings Incorporated Warrants,0.24,27.796,24683266.0,Warrant,,,,,,13.0,"['낮은 유통주식수 (1,811만주)', '초소형주 (시가총액 5,000만 달러 미만)']",18112375.0,[]
DFLIW,Dragonfly Energy Holdings Corp. Warrant,0.035,-30.0,448537.0,Warrant,,,,,,13.0,"['낮은 유통주식수 (1,249만주)', '초소형주 (시가총액 5,000만 달러 미만)']",12497263.0,[]
COOTW,Australian Oilseeds Holdings Limited Warrant,0.0176,16.556,491014.0,Warrant,,,,,,13.0,"['낮은 유통주식수 (812만주)', '초소형주 (시가총액 5,000만 달러 미만)']",8124837.0,[]
ESLAW,"Estrella Immunopharma, Inc. Warrant",0.064,-18.782,2754191.0,Warrant,,,,,,13.0,"['낮은 유통주식수 (909만주)', '초소형주 (시가총액 5,000만 달러 미만)']",9097054.0,[]
MOBXW,"Mobix Labs, Inc Warrants",0.0751,-15.901,1141421.0,Warrant,,,,,,13.0,"['낮은 유통주식수 (1,144만주)', '초소형주 (시가총액 5,000만 달러 미만)']",11444922.0,[]
BGLWW,Blue Gold Limited Warrant,0.05,25.0,2041889.0,Warrant,,,,,,13.0,"['낮은 유통주식수 (1,580만주)', '초소형주 (시가총액 5,000만 달러 미만)']",15800255.0,[]
ONMDW,OneMedNet Corp Warrant,0.0311,-16.622,1771227.0,Warrant,,,,,,13.0,"['낮은 유통주식수 (1,544만주)', '초소형주 (시가총액 5,000만 달러 미만)']",15448201.0,[]
ELPW,Elong Power Holding Limited Class A Ordinary Shares,0.2284,-13.222,3338706.0,Common,0.2280000001192093,3401600.0,18015805.0,0.18881199036068608,-13.307988517834252,11.7,"['당일 변동률 -13.3%', '초소형주 (시가총액 5,000만 달러 미만)']",,[]
NAMMW,Namib Minerals Warrants,0.2,-13.043,10896531.0,Warrant,0.20000000298023224,2300.0,18390.0,0.1250679717237629,-13.043478542555025,11.5,"['당일 변동률 -13.0%', '초소형주 (시가총액 5,000만 달러 미만)']",,[]
DUKRW,DUKE Robotics Corp. Warrant,0.95,-12.844,3237578.0,Warrant,0.949999988079071,800.0,11755.0,0.06805614632071459,-12.844040459850367,11.4,"['당일 변동률 -12.8%', '초소형주 (시가총액 5,000만 달러 미만)']",,[]
JUNS,"Jupiter Neurosciences, Inc. Common Stock",0.153,-12.371,7378289.0,Common,0.15299999713897705,5396800.0,21689605.0,0.24881965346994564,-12.571428717399133,11.3,"['당일 변동률 -12.6%', '초소형주 (시가총액 5,000만 달러 미만)']",,[]
ONFO,Onfolio Holdings Inc. Common Stock,0.097,-11.738,682912.0,Common,0.09700000286102295,2472000.0,11519100.0,0.21460009896606505,-11.818178739429488,10.9,"['당일 변동률 -11.8%', '초소형주 (시가총액 5,000만 달러 미만)']",,[]
SJ,Scienjoy Holding Corporation Class A Ordinary Shares ,0.77,11.594,32696331.0,Common,0.7699999809265137,15000.0,35430.0,0.42337002540220153,11.594200519873441,10.8,"['당일 변동률 +11.6%', '초소형주 (시가총액 5,000만 달러 미만)']",,[]
GIFT,"Giftify, Inc. Common Stock",0.895,-2.707,30528136.0,Common,0.8949999809265137,56100.0,36045.0,1.55638784852268,-2.7173951423122418,10.6,"['거래량 20일 평균 대비 1.6배', '초소형주 (시가총액 5,000만 달러 미만)']",,[]
COOT,Australian Oilseeds Holdings Limited Ordinary Shares,0.419,-0.143,11689487.0,Common,0.4189999997615814,227900.0,146675.0,1.5537753536730867,-0.23809218014709718,10.5,"['거래량 20일 평균 대비 1.6배', '초소형주 (시가총액 5,000만 달러 미만)']",,[]
DLXY,Delixy Holdings Limited Class A Ordinary Shares,0.4844,11.126,7919940.0,Common,0.48399999737739563,166100.0,534100.0,0.3109904512263621,11.009176381358182,10.5,"['당일 변동률 +11.0%', '초소형주 (시가총액 5,000만 달러 미만)']",,[]
LOOP,"Loop Industries, Inc. Common Stock",0.8242,-10.917,39875102.0,Common,0.8240000009536743,12600.0,78905.0,0.15968569799125532,-10.91891996385059,10.5,"['당일 변동률 -10.9%', '초소형주 (시가총액 5,000만 달러 미만)']",,[]
POM,POMDOCTOR LIMITED American Depositary Shares,0.7141,-10.86,5323796.0,ADS/ADR,0.7139999866485596,64800.0,59420.0,1.0905419050824638,-10.861424781691477,10.4,"['당일 변동률 -10.9%', '초소형주 (시가총액 5,000만 달러 미만)']",,[]
HPAI,Helport AI Limited Ordinary Shares,0.462,-10.673,17392872.0,Common,0.4620000123977661,56800.0,649260.0,0.08748421279610634,-10.638298853527182,10.3,"['당일 변동률 -10.6%', '초소형주 (시가총액 5,000만 달러 미만)']",,[]
BTCT,BTC Digital Ltd. Ordinary Shares,0.6851,-10.748,6520080.0,Common,0.6899999976158142,413000.0,4461225.0,0.09257546974205515,-10.389608479527276,10.2,"['당일 변동률 -10.4%', '초소형주 (시가총액 5,000만 달러 미만)']",,[]
GOVX,"GeoVax Labs, Inc. Common Stock",0.84,-10.256,2429759.0,Common,0.8399999737739563,161600.0,298120.0,0.5420635985509191,-10.256412052517806,10.1,"['당일 변동률 -10.3%', '초소형주 (시가총액 5,000만 달러 미만)']",,[]
ONCO,"Onconetix, Inc. Common Stock",0.7896,-10.283,2914802.0,Common,0.7900000214576721,225700.0,765500.0,0.2948399738732854,-10.227269802458014,10.1,"['당일 변동률 -10.2%', '초소형주 (시가총액 5,000만 달러 미만)']",,[]
CNEY,CN Energy Group Inc. Class A Ordinary Shares,0.712,9.995,5840755.0,Common,0.7120000123977661,476400.0,5790990.0,0.08226572658560971,10.046367253595832,10.0,"['당일 변동률 +10.0%', '초소형주 (시가총액 5,000만 달러 미만)']",,[]
ZNB,Zeta Network Group Class A Ordinary Shares,0.273,-7.833,431558.0,Common,0.27000001072883606,1628900.0,4005050.0,0.40671152669754435,-10.0,10.0,"['당일 변동률 -10.0%', '초소형주 (시가총액 5,000만 달러 미만)']",,[]
GAME,"GameSquare Holdings, Inc. Common Stock",0.3751,-9.767,35145641.0,Common,0.375,881100.0,880850.0,1.0002838167678947,-9.85577109065895,9.9,"['당일 변동률 -9.9%', '초소형주 (시가총액 5,000만 달러 미만)']",,[]
GLMD,Galmed Pharmaceuticals Ltd. Ordinary Shares,0.553,9.527,4249293.0,Common,0.5529999732971191,209200.0,822580.0,0.2543217680955044,9.504946241331066,9.8,"['당일 변동률 +9.5%', '초소형주 (시가총액 5,000만 달러 미만)']",,[]
FGL,Founder Group Limited Class A Ordinary Shares,0.9784,-9.407,1120914.0,Common,0.9779999852180481,67800.0,158640.0,0.42738275340393345,-9.444449411497978,9.7,"['당일 변동률 -9.4%', '초소형주 (시가총액 5,000만 달러 미만)']",,[]
SLGB,Smart Logistics Global Limited Class A Ordinary Shares,0.8198,9.307,35251400.0,Common,0.8199999928474426,834100.0,10077290.0,0.08277026859403669,9.333332379659016,9.7,"['당일 변동률 +9.3%', '초소형주 (시가총액 5,000만 달러 미만)']",,[]
ELOG,Eastern International Ltd. Ordinary Shares,0.87,9.434,10454790.0,Common,0.8700000047683716,6800.0,8480.0,0.8018867924528302,9.433960566617486,9.7,"['당일 변동률 +9.4%', '초소형주 (시가총액 5,000만 달러 미만)']",,[]
CLPS,CLPS Incorporation Common Stock,0.81,-9.528,24092196.0,Common,0.8100000023841858,17900.0,58230.0,0.3074016829812811,-9.497204508801776,9.7,"['당일 변동률 -9.5%', '초소형주 (시가총액 5,000만 달러 미만)']",,[]
TGHL,The GrowHub Limited Class A Ordinary Shares,0.6409,9.182,16214648.0,Common,0.640999972820282,1119900.0,14270320.0,0.07847756742665897,9.199311632369119,9.6,"['당일 변동률 +9.2%', '초소형주 (시가총액 5,000만 달러 미만)']",,[]
FFAI,Faraday Future Intelligent Electric Inc. Class A Common Stock,0.0717,-9.584,26119140.0,Common,10.799999237060547,357684.0,244067.65,1.465511713658078,-9.2055438990893,9.6,"['당일 변동률 -9.2%', '초소형주 (시가총액 5,000만 달러 미만)']",,[]
MGRX,"Mangoceuticals, Inc. Common Stock",0.5574,9.08,9569121.0,Common,0.5569999814033508,491400.0,626735.0,0.7840634398908629,9.001958088484791,9.5,"['당일 변동률 +9.0%', '초소형주 (시가총액 5,000만 달러 미만)']",,[]
AUID,authID Inc. Common Stock,0.7516,-8.587,12567007.0,Common,0.7519999742507935,170600.0,789350.0,0.21612719326027743,-8.515821189552046,9.3,"['당일 변동률 -8.5%', '초소형주 (시가총액 5,000만 달러 미만)']",,[]
GLE,Global Engine Group Holding Limited Class A Ordinary Shares,0.3941,-8.306,7212030.0,Common,0.39399999380111694,245500.0,315880.0,0.7771938710902875,-8.372095988981735,9.2,"['당일 변동률 -8.4%', '초소형주 (시가총액 5,000만 달러 미만)']",,[]
GDTC,CytoMed Therapeutics Limited Ordinary Shares,0.88,-8.333,10409023.0,Common,0.8799999952316284,11700.0,11820.0,0.9898477157360406,-8.333331781129008,9.2,"['당일 변동률 -8.3%', '초소형주 (시가총액 5,000만 달러 미만)']",,[]
LSH,Lakeside Holding Limited Common Stock,0.3158,-8.144,10872223.0,Common,0.3160000145435333,17200.0,151040.0,0.1138771186440678,-8.13953377560325,9.1,"['당일 변동률 -8.1%', '초소형주 (시가총액 5,000만 달러 미만)']",,[]
SEGG,Sports Entertainment Gaming Global Corporation Common Stock,0.6092,-7.99,13899755.0,Common,0.609000027179718,534900.0,672265.0,0.7956683748224287,-8.006038256637972,9.0,"['당일 변동률 -8.0%', '초소형주 (시가총액 5,000만 달러 미만)']",,[]
DYNCW,Dynamix Corporation Warrant,0.185,15.553,,Warrant,,,,,,8.0,"['낮은 유통주식수 (1,123만주)']",11233994.0,[]
ENRDW,Einride AB Warrants,0.44,-16.981,63432808.0,Warrant,,,,,,8.0,"['낮은 유통주식수 (1,384만주)']",13840907.0,[]
AXINR,Axiom Intelligence Acquisition Corp 1 Right,0.3799,15.121,,Right,,,,,,8.0,"['낮은 유통주식수 (1,880만주)']",18802821.0,[]
IDACW,Iron Dome Acquisition I Corp. Warrant,0.394,31.333,,Warrant,,,,,,8.0,['낮은 유통주식수 (503만주)'],5033234.0,[]
ORIQW,Origin Investment Corp I Warrant.,0.1212,-36.008,,Warrant,,,,,,8.0,['낮은 유통주식수 (903만주)'],9032500.0,[]
CSHRW,CoinShares PLC Warrants,0.78,40.541,102788563.0,Warrant,,,,,,8.0,"['낮은 유통주식수 (1,942만주)']",19425721.0,[]
SCPQW,Social Commerce Partners Corporation Warrant,0.4082,-37.2,,Warrant,,,,,,8.0,['낮은 유통주식수 (928만주)'],9282089.0,[]
BZAI,"Blaize Holdings, Inc. Common Stock",0.9946,-2.49,143520244.0,Common,0.9950000047683716,5240400.0,3215090.0,1.6299388197531017,-2.4509781005518687,6.3,['거래량 20일 평균 대비 1.6배'],,[]
OPENZ,"Opendoor Technologies Inc  Series Z Warrants, each whole warrant exercisable to purchase one share of Common Stock at an exercise price of $17.00 per warrant",0.176,-12.219,169793647.0,Warrant,0.17599999904632568,229600.0,344490.0,0.6664924961537345,-12.437813600860324,6.2,['당일 변동률 -12.4%'],,[]
AIFC,AI Financial Corporation Common Stock,0.4677,-3.328,65401536.0,Common,0.4699999988079071,1582500.0,1004170.0,1.5759283786609837,-2.083331393077926,5.8,['거래량 20일 평균 대비 1.6배'],,[]
OPENL,"Opendoor Technologies Inc  Series A Warrants, each whole warrant exercisable to purchase one share of Common Stock at an exercise price of $13.00 per warrant",0.2,-11.072,192947326.0,Warrant,0.20000000298023224,328900.0,520060.0,0.6324270276506557,-11.111107431811954,5.6,['당일 변동률 -11.1%'],,[]
CCIXW,Churchill Capital Corp IX Warrant,0.011,-0.901,,Warrant,0.01105200033634901,401854.0,261462.0,1.536949920064866,-0.432427343832723,5.4,['거래량 20일 평균 대비 1.5배'],,[]
YMT,Yimutian Inc. American Depositary Shares,0.4155,-10.472,145210700.0,ADS/ADR,0.41600000858306885,362800.0,825840.0,0.4393102780199554,-10.344823156610696,5.2,['당일 변동률 -10.3%'],,[]
VHUB,"VenHub Global, Inc. Common Stock",0.8007,-8.908,73046145.0,Common,0.800000011920929,84100.0,107045.0,0.7856508944836283,-9.090907243657693,4.5,['당일 변동률 -9.1%'],,[]
OPENW,"Opendoor Technologies Inc  Series K Warrants, each whole warrant exercisable to purchase one share of Common Stock at an exercise price of $9.00 per warrant",0.3509,-8.405,338526084.0,Warrant,0.35100001096725464,363100.0,247210.0,1.4687917155454877,-8.355085268493646,4.2,['당일 변동률 -8.4%'],,[]
UPXI,"Upexi, Inc. Common Stock",0.8061,-6.517,59209946.0,Common,0.8059999942779541,884400.0,1587315.0,0.5571672919363831,-6.496519144016441,0.0,[],,[]
IMMP,Immutep Limited American Depositary Shares,0.3924,0.9,57758154.0,ADS/ADR,0.38999998569488525,312000.0,403485.0,0.7732629465779397,0.0,0.0,[],,[]
ELBM,Electra Battery Materials Corporation Common Stock,0.5302,-2.84,56625433.0,Common,0.5299999713897705,169700.0,381735.0,0.4445492291773089,-2.9304088485605373,0.0,[],,[]
TCRX,"TScan Therapeutics, Inc. Common Stock",0.8464,-5.924,55312932.0,Common,0.8460000157356262,1082200.0,879075.0,1.2310667462958222,-5.99999576144737,0.0,[],,[]
NXTT,Next Technology Holding Inc. Ordinary Shares,0.7171,-7.196,54689183.0,Common,0.7170000076293945,68400.0,160240.0,0.4268597104343485,-7.244501182377258,0.0,[],,[]
CNTX,Context Therapeutics Inc. Common Stock,0.5923,-3.44,54420037.0,Common,0.5920000076293945,1523600.0,3499575.0,0.43536715172556667,-3.4257698017965597,0.0,[],,[]
NXXT,"NextNRG, Inc. Common Stock",0.3425,-3.548,54030323.0,Common,0.34299999475479126,3275400.0,8377095.0,0.39099473027344206,-3.3802802476161706,0.0,[],,[]
CTOR,"Citius Oncology, Inc. Common Stock",0.5782,0.872,53761732.0,Common,0.578000009059906,51500.0,61500.0,0.8373983739837398,0.87259949580505,0.0,[],,[]
YTRA,"Yatra Online, Inc. Ordinary Shares",0.856,-2.683,53119722.0,Common,0.8560000061988831,12800.0,29215.0,0.4381310970391922,-2.727271495771795,0.0,[],,[]
INCR,Intercure Ltd. Ordinary Shares,0.953,1.383,52111312.0,Common,0.953000009059906,25000.0,31705.0,0.7885191610156127,1.3829799443685753,0.0,[],,[]
COCH,"Envoy Medical, Inc. Class A Common Stock",0.661,-4.604,50818414.0,Common,0.6610000133514404,158900.0,939080.0,0.1692081611790263,-4.617605250575598,0.0,[],,[]
QTEX,QTREX Quantum Ltd. Ordinary Shares,0.8855,-2.263,49330117.0,Common,0.8859999775886536,3079800.0,4790800.0,0.6428571428571429,-2.2075099482518534,0.0,[],,[]
HAIN,"Hain Celestial Group, Inc. (The) Common Stock",0.5444,-4.374,49133996.0,Common,0.5400000214576721,799400.0,1420415.0,0.5627932681645857,-5.2631529414422,0.0,[],,[]
ATYR,"aTyr Pharma, Inc. Common Stock",0.4981,2.279,48839309.0,Common,0.49799999594688416,1372100.0,2262210.0,0.6065307818460709,2.258728470116409,0.0,[],,[]
VIOT,"Viomi Technology Co., Ltd American Depositary Shares",0.7643,-0.792,47737121.0,ADS/ADR,0.7599999904632568,86800.0,196810.0,0.44103450027945734,-1.2987000923330156,0.0,[],,[]
XCH,XCHG Limited American Depositary Share,0.5361,-5.947,47460227.0,ADS/ADR,0.5360000133514404,37600.0,1340215.0,0.02805520009849166,-5.964908758358898,0.0,[],,[]
ALVOW,Alvotech Warrant,0.15,-18.963,46822975.0,Warrant,,,,,,0.0,[],123166274.0,[]
MERC,Mercer International Inc. Common Stock,0.6938,2.255,46472463.0,Common,0.6899999976158142,481300.0,787510.0,0.6111668423258118,1.4705868173635692,0.0,[],,[]
ABLV,Able View Global Inc. Class B Ordinary Shares,0.94,1.075,46426527.0,Common,0.9399999976158142,30900.0,78560.0,0.3933299389002037,1.0752677834782465,0.0,[],,[]
GMHS,Gamehaus Holdings Inc. Class A Ordinary Shares,0.851,-1.992,45587524.0,Common,0.8510000109672546,7500.0,69920.0,0.1072654462242563,-1.95852079669988,0.0,[],,[]
MREO,Mereo BioPharma Group plc American Depositary Shares,0.291,-2.218,45147372.0,ADS/ADR,0.29100000858306885,694500.0,1213230.0,0.5724388615513959,-2.3489929865536525,0.0,[],,[]
FLNA,"Filana Therapeutics, Inc. Common Stock",0.9322,-3.329,45032621.0,Common,0.9300000071525574,483000.0,367545.0,1.31412480104477,-3.124997089616889,0.0,[],,[]
CDROW,"Codere Online Luxembourg, S.A. Warrants",0.9799,,44555970.0,Warrant,,,,,,0.0,[],,[]
CBAT,CBAK Energy Technology Limited Ordinary Shares,0.5004,-4.046,44358376.0,Common,0.5,113400.0,168250.0,0.673997028231798,-3.8461503192516595,0.0,[],,[]
MNY,MoneyHero Limited Class A Ordinary Shares,0.97,,43100221.0,Common,0.9700000286102295,7700.0,62955.0,0.12230958621237392,0.0,0.0,[],,[]
MAMO,Massimo Group Common Stock,0.9911,-2.355,41270346.0,Common,0.9909999966621399,32700.0,57515.0,0.5685473354777014,-2.364530972511747,0.0,[],,[]
ELUT,Elutia Inc. Class A Common Stock,0.9325,0.054,41224180.0,Common,0.9330000281333923,50200.0,103355.0,0.4857046103236418,0.10730115343303895,0.0,[],,[]
MATH,Metalpha Technology Holding Limited Ordinary Shares,0.8612,-0.185,40573919.0,Common,0.8610000014305115,24900.0,31350.0,0.7942583732057417,-0.2317467331577333,0.0,[],,[]
KBSX,FST Corp. Ordinary Shares,0.9,-1.099,40289403.0,Common,0.8999999761581421,2100.0,11665.0,0.18002571795970854,-1.0989065691980104,0.0,[],,[]
BZAIW,"Blaize Holdings, Inc. Warrants",0.2749,-14.094,39667922.0,Warrant,,,,,,0.0,[],,[]
ADSEW,ADS-TEC ENERGY PLC Warrant,0.5236,0.867,39337927.0,Warrant,,,,,,0.0,[],,[]
PDSB,PDS Biotechnology Corporation Common Stock,0.7005,-2.096,39173225.0,Common,0.7009999752044678,207600.0,335375.0,0.6190085724934774,-2.0949783337954915,0.0,[],,[]
MIRA,"MIRA Pharmaceuticals, Inc. Common Stock",0.9279,-0.011,38992295.0,Common,0.9279999732971191,88100.0,67790.0,1.2996017111668388,0.0,0.0,[],,[]
RNXT,"RenovoRx, Inc. Common Stock",0.8545,-1.271,38537209.0,Common,0.8550000190734863,73200.0,204590.0,0.35778874822816364,-1.270205269174508,0.0,[],,[]
AACG,ATA Creativity Global American Depositary Shares,0.8875,-2.473,38189122.0,ADS/ADR,0.8899999856948853,2000.0,23855.0,0.08383986585621463,-2.197806588435245,0.0,[],,[]
USDEW,StablecoinX Inc. Warrants,0.5504,-2.567,34959536.0,Warrant,0.550000011920929,30600.0,179438.88888888888,0.17053159540543053,-1.785712575121809,0.0,[],,[]
UCL,uCloudlink Group Inc. American Depositary Shares,0.9,-3.226,34283025.0,ADS/ADR,0.8999999761581421,900.0,5215.0,0.1725790987535954,-3.2258097595362787,0.0,[],,[]
ONMD,OneMedNet Corp Class A Common Stock,0.6015,-1.684,34257020.0,Common,0.6019999980926514,80700.0,181705.0,0.4441264687267824,-1.6339854003679126,0.0,[],,[]
LITS,"Lite Strategy, Inc. Common Stock",0.9918,-3.709,33746193.0,Common,0.9900000095367432,121600.0,200255.0,0.6072257871214202,-3.883491549912931,0.0,[],,[]
ESLA,"Estrella Immunopharma, Inc. Common Stock",0.7644,0.447,32895364.0,Common,0.7639999985694885,8500.0,51585.0,0.16477658233982748,0.39422090265245374,0.0,[],,[]
NSPR,InspireMD Inc. Common Stock,0.6949,-0.014,32585931.0,Common,0.6899999976158142,11600.0,71415.0,0.1624308618637541,-1.4285700905079517,0.0,[],,[]
GLNDW,Greenland Energy Company Warrant,0.73,-2.654,31923042.0,Warrant,,,,,,0.0,[],,[]
TELA,"TELA Bio, Inc. Common Stock",0.711,-2.962,31828730.0,Common,0.7110000252723694,42900.0,80760.0,0.5312035661218425,-3.00135822156649,0.0,[],,[]
OGGWZ,Osisko Gold Group Inc. Warrant expiring 5/27/2027,0.1,-16.597,30583784.0,Warrant,,,,,,0.0,[],151147898.0,[]
ZEO,Zeo Energy Corporation Class A Common Stock,0.5151,0.409,30020014.0,Common,0.5149999856948853,20900.0,64655.0,0.32325419534452093,0.3898585197227466,0.0,[],,[]
BEAT,"Heartbeam, Inc. Common Stock",0.5351,-3.88,29701707.0,Common,0.5350000262260437,475800.0,1156195.0,0.4115222778164583,-3.949722784887472,0.0,[],,[]
BLNE,"Beeline Holdings, Inc. Common Stock",0.91,-3.53,29683100.0,Common,0.9100000262260437,188400.0,486815.0,0.3870053305670532,-3.4994688992387606,0.0,[],,[]
XRXDW,Xerox Holdings Corporation Warrants,0.2179,3.27,28496146.0,Warrant,,,,,,0.0,[],,[]
ARAY,Accuray Incorporated Common Stock,0.2382,-1.407,28337152.0,Common,0.23999999463558197,1216200.0,1812545.0,0.6709902374837591,0.0,0.0,[],,[]
FTHM,Fathom Holdings Inc. Common Stock,0.8498,-2.232,28195412.0,Common,0.8500000238418579,401600.0,333105.0,1.2056258537097913,-2.186420416037669,0.0,[],,[]
NUCLW,Eagle Nuclear Energy Corp. Warrants,0.95,,28100808.0,Warrant,,,,,,0.0,[],,[]
EPOW,E-Power Inc. Class A Ordinary Shares,0.51,-4.009,27831126.0,Common,0.5099999904632568,13400.0,126980.0,0.1055284296739644,-3.9548073333242035,0.0,[],,[]
YSXT,"YSX Tech. Co., Ltd Class A Ordinary Shares",0.87,4.819,27737775.0,Common,0.8700000047683716,56200.0,509985.0,0.11019931958783101,4.819279790599543,0.0,[],,[]
BRRWW,"ProCap Financial, Inc. Warrant",0.3048,16.291,27606810.0,Warrant,0.3050000071525574,0.0,42595.0,0.0,0.0,0.0,[],74687834.0,[]
BTAI,"BioXcel Therapeutics, Inc. Common Stock",0.8703,-1.08,26872780.0,Common,0.8700000047683716,344800.0,1494160.0,0.23076511217004872,-1.136362558800321,0.0,[],,[]
FUSE,Fusemachines Inc. Common stock,0.886,-4.351,25640167.0,Common,0.8859999775886536,17300.0,71445.0,0.24214430680943383,-4.319656749337751,0.0,[],,[]
SCAG,Scage Future American Depositary Shares,0.351,-1.071,25485992.0,ADS/ADR,0.35100001096725464,75300.0,7919585.0,0.009508073971047725,-1.1267544858582939,0.0,[],,[]
AENTW,Alliance Entertainment Holding Corporation Warrant,0.4999,,25484717.0,Warrant,,,,,,0.0,[],,[]
HOVRW,New Horizon Aircraft Ltd. Warrant,0.3711,-1.329,24799068.0,Warrant,,,,,,0.0,[],,[]
BRNS,Barinthus Biotherapeutics plc American Depositary Shares,0.6001,,24513421.0,ADS/ADR,0.6000000238418579,28000.0,43525.0,0.6433084434233199,0.0,0.0,[],,[]
NIXX,"Nixxy, Inc. Common Stock",0.8403,-6.654,24471359.0,Common,0.8403000235557556,1187200.0,2195525.0,0.5407362703681352,-6.654075224212648,0.0,[],,[]
ENGNW,enGene Therapeutics Inc. Warrants,0.36,16.467,24116208.0,Warrant,,,,,,0.0,[],22487024.0,[]
PBK,PowerBank Corporation Common Stock,0.5063,-6.241,23774221.0,Common,0.5059999823570251,508100.0,5469300.0,0.09290037116267164,-6.296303286964234,0.0,[],,[]
DUO,Fangdd Network Group Ltd. Class A Ordinary Shares,0.6163,-4.301,23757387.0,Common,0.6159999966621399,163500.0,324815.0,0.5033634530425011,-4.347825684548709,0.0,[],,[]
SKYE,"Skye Bioscience, Inc. Common Stock",0.675,5.436,23722012.0,Common,0.675000011920929,76300.0,114840.0,0.6644026471612678,5.46875422005551,0.0,[],,[]
NRSN,NeuroSense Therapeutics Ltd. Ordinary Shares,0.655,0.769,23154128.0,Common,0.6549999713897705,205900.0,161520.0,1.2747647350173352,0.7692300638503318,0.0,[],,[]
UFG,Uni-Fuels Holdings Limited Class A Ordinary Shares,0.7102,-0.113,23056643.0,Common,0.7099999785423279,15000.0,268055.0,0.05595866519930611,-0.1406535435295388,0.0,[],,[]
FLD,"Fold Holdings, Inc. Class A Common Stock",0.4514,-2.716,22923604.0,Common,0.45100000500679016,98300.0,309075.0,0.31804578176817927,-2.801720262034358,0.0,[],,[]
CTSO,Cytosorbents Corporation Common Stock,0.3614,-5.368,22711369.0,Common,0.3610000014305115,38100.0,118875.0,0.3205047318611987,-5.497381647526996,0.0,[],,[]
AFRIW,Forafric Global PLC Warrants,0.8362,-6.045,22547142.0,Warrant,,,,,,0.0,[],,[]
CALC,"CalciMedica, Inc. Common Stock",0.7159,-3.829,22004189.0,Common,0.7160000205039978,121200.0,3514340.0,0.03448727214782861,-3.763440386423953,0.0,[],,[]
CELU,Celularity Inc. Class A Common Stock,0.76,-2.564,21998930.0,Common,0.7599999904632568,78200.0,117255.0,0.6669225192955525,-2.5641002128344392,0.0,[],,[]
VRXAW,Veraxa Biotech AG Warrants,0.155,53.77,21918211.0,Warrant,,,,,,0.0,[],,[]
MDXH,MDxHealth SA Ordinary Shares,0.4223,-3.342,21691237.0,Common,0.421999990940094,56300.0,667125.0,0.08439198051339704,-3.4324977748849896,0.0,[],,[]
FUFUW,BitFuFu Inc. Warrant,0.13,-3.704,21664968.0,Warrant,,,,,,0.0,[],,[]
MDCX,Medicus Pharma Ltd. Common Stock  ,0.3842,2.59,21194187.0,Common,0.3840000033378601,862500.0,1258835.0,0.6851573081460239,2.4000008900960283,0.0,[],,[]
SPWRW,SunPower Inc. Warrants,0.1401,-6.6,21054678.0,Warrant,,,,,,0.0,[],,[]
JSPR,"Jasper Therapeutics, Inc. Common Stock",0.7291,-2.108,20421947.0,Common,0.7289999723434448,525400.0,3221960.0,0.16306844281120808,-2.147655345304506,0.0,[],,[]
GGRP,"The Glimpse Group, Inc. Common Stock",0.9648,-1.471,20334613.0,Common,0.9649999737739563,136000.0,92865.0,1.464491466106714,-1.4300305377922073,0.0,[],,[]
SMXT,Solarmax Technology Inc. Common Stock,0.3541,1.811,20150617.0,Common,0.3540000021457672,278200.0,187310.0,1.4852383748865516,1.724141474711444,0.0,[],,[]
MDCXW,Medicus Pharma Ltd. Warrant,0.3501,-5.429,19313079.0,Warrant,,,,,,0.0,[],,[]
ECXWW,ECARX Holdings Inc. Warrants,0.0505,36.119,19243529.0,Warrant,,,,,,0.0,[],114354853.0,[]
MNDO,MIND C.T.I. Ltd. Ordinary Shares,0.9516,-0.875,19208204.0,Common,0.949999988079071,8700.0,56465.0,0.1540777472770743,-1.041665696538963,0.0,[],,[]
LGVN,Longeveron Inc. Class A Common Stock,0.6072,-3.081,19186276.0,Common,0.6069999933242798,110100.0,280015.0,0.39319322179168975,-3.189789752449637,0.0,[],,[]
RKTO,Rocket One Inc. Common Stock,0.8398,1.535,18746289.0,Common,0.8399999737739563,467400.0,8552195.0,0.0546526359607095,1.571940930429201,0.0,[],,[]
AISPW,"Airship AI Holdings, Inc. Warrants",0.54,0.39,18582515.0,Warrant,,,,,,0.0,[],,[]
BRLS,Borealis Foods Inc. Class A Common Shares,0.8651,0.828,18567906.0,Common,0.8650000095367432,7000.0,37325.0,0.18754186202277295,0.8158542245418171,0.0,[],,[]
GRMLW,Greenland Mines Ltd Warrant,0.153,-1.035,18549515.0,Warrant,,,,,,0.0,[],,[]
PMEC,Primech Holdings Ltd. Ordinary Shares,0.4703,-5.94,17894915.0,Common,0.4699999988079071,32900.0,28195.0,1.1668735591416919,-6.000000238418579,0.0,[],,[]
HOWL,"Werewolf Therapeutics, Inc. Common Stock",0.3602,-1.396,17504573.0,Common,0.36000001430511475,193200.0,850700.0,0.22710708828023982,-1.3698616715036243,0.0,[],,[]
MRNO,Murano Global Investments PLC Ordinary Shares,0.219,-4.575,17354189.0,Common,0.21899999678134918,268400.0,925065.0,0.290141773821299,-4.782611822360798,0.0,[],,[]
INTZ,Intrusion Inc. Common Stock,0.75,-7.919,17067806.0,Common,0.75,165700.0,5940440.0,0.02789355670623725,-7.4074076799480775,0.0,[],,[]
FNGR,"FingerMotion, Inc. Common Stock",0.2768,-5.786,16970708.0,Common,0.2770000100135803,180000.0,357625.0,0.5033205173016427,-5.782309442784761,0.0,[],,[]
ANNAW,"AleAnna, Inc. Warrant",0.252,2.024,16867469.0,Warrant,,,,,,0.0,[],,[]
PASW,"Ping An Biomedical Co., Ltd. Class A Ordinary Shares",0.1353,3.758,16851615.0,Common,0.13500000536441803,1562500.0,1113740.0,1.4029306660441396,3.846161781683767,0.0,[],,[]
REFR,Research Frontiers Incorporated Common Stock,0.4821,-0.598,16809760.0,Common,0.47999998927116394,97700.0,65520.0,1.4911477411477412,-2.0408204226431472,0.0,[],,[]
SDAWW,SunCar Technology Group Inc. Warrant,0.1591,-0.563,16808583.0,Warrant,,,,,,0.0,[],,[]
MWYN,"Marwynn Holdings, Inc. Common stock",0.8283,2.259,16727356.0,Common,0.828000009059906,27100.0,123090.0,0.22016410756357138,2.222223039844233,0.0,[],,[]
MDAIW,"Spectral AI, Inc. Warrants",0.515,-4.63,16389352.0,Warrant,,,,,,0.0,[],,[]
YAAS,Youxin Technology Ltd Class A Ordinary shares,0.7121,-5.003,16230150.0,Common,0.7120000123977661,13900.0,264010.0,0.052649520851482896,-5.0666650136311855,0.0,[],,[]
ARAI,Arrive AI Inc. Common Stock,0.3118,1.696,16169744.0,Common,0.31200000643730164,299700.0,481850.0,0.6219777939192694,1.6286628824513933,0.0,[],,[]
IRIX,IRIDEX Corporation Common Stock,0.922,0.754,16048810.0,Common,0.9200000166893005,26400.0,44345.0,0.5953320554741234,0.0,0.0,[],,[]
KTTA,Pasithea Therapeutics Corp. Common Stock,0.4802,4.391,16045618.0,Common,0.47999998927116394,311200.0,1669170.0,0.1864399671693117,4.347821861674596,0.0,[],,[]
SCNX,"Scienture Holdings, Inc. Common Stock",0.391,-2.25,15886649.0,Common,0.39100000262260437,183700.0,3923825.0,0.04681656292010984,-2.250000800937402,0.0,[],,[]
OSRH,"OSR Health, Inc. Common Stock",0.45,2.506,15803411.0,Common,0.44999998807907104,417100.0,837460.0,0.4980536383827287,2.5056895958533634,0.0,[],,[]
JF,J and Friends Holdings Limited American Depositary Shares,0.855,-1.927,15680832.0,ADS/ADR,0.8600000143051147,7900.0,11340.0,0.6966490299823633,-1.1494241848790827,0.0,[],,[]
AIXC,"AIxCrypto Holdings, Inc. Common Stock",0.77,-3.63,15580945.0,Common,0.7699999809265137,28400.0,47765.0,0.5945776195959385,-3.6295422990055353,0.0,[],,[]
LHAI,Linkhome Holdings Inc. Common stock,0.9501,-3.051,15420123.0,Common,0.949999988079071,232300.0,24971065.0,0.009302767022551901,-3.061227592911475,0.0,[],,[]
BAERW,"Bridger Aerospace Group Holdings, Inc. Warrant",0.2662,,15343140.0,Warrant,,,,,,0.0,[],,[]
EDTK,Skillful Craftsman Education Technology Limited Ordinary Share,0.948,-0.211,15101120.0,Common,0.9480000138282776,1200.0,2940.0,0.40816326530612246,-0.2105236079884028,0.0,[],,[]
GTBP,"GT Biopharma, Inc. Common Stock",0.3352,-3.009,14862290.0,Common,0.33500000834465027,498300.0,1016415.0,0.49025250512831864,-3.1791844034276804,0.0,[],,[]
UZX,Linkage Global Inc. Class A Ordinary Shares,0.2247,0.492,14861250.0,Common,0.22499999403953552,265500.0,587830.0,0.4516611945630539,0.44642281005823026,0.0,[],,[]
ORIO,Orion Digital Corp. Common Shares,0.62,-2.362,14860501.0,Common,0.6200000047683716,21700.0,33190.0,0.6538113889725821,-2.3622025071121953,0.0,[],,[]
CTXR,"Citius Pharmaceuticals, Inc. Common Stock",0.5313,-5.513,14585550.0,Common,0.531000018119812,303700.0,307630.0,0.9872249130448916,-5.51600708255933,0.0,[],,[]
OBAI,"Our Bond, Inc. Common Stock",0.4834,-5.862,14489212.0,Common,0.47999998927116394,393500.0,1362105.0,0.2888910913622665,-5.88235328491722,0.0,[],,[]
RCT,RedCloud Holdings plc Ordinary Shares,0.2113,-3.251,14448824.0,Common,0.210999995470047,585700.0,18160885.0,0.03225063095768736,-3.2110089234717356,0.0,[],,[]
LEXX,Lexaria Bioscience Corp. Common Stock,0.5702,1.931,14133802.0,Common,0.5699999928474426,39500.0,75355.0,0.5241855218631809,1.9677955793187456,0.0,[],,[]
DCX,Digital Currency X Technology Inc. Class A Ordinary Shares,0.712,-3.523,14115372.0,Common,0.7120000123977661,58200.0,1779645.0,0.03270315147122038,-3.523030371313527,0.0,[],,[]
DOGZ,Dogness (International) Corporation Class A Common Stock,0.9525,-5.945,13821402.0,Common,0.9524999856948853,25200.0,26500.0,0.9509433962264151,-5.944502641097389,0.0,[],,[]
HKPD,"Cellyan Biotechnology Co., Ltd Class A Ordinary Shares",0.331,-6.179,13680723.0,Common,0.3310000002384186,433100.0,1405300.0,0.30819042197395574,-6.232290623479807,0.0,[],,[]
FRTT,Fort Technology Inc. Common Shares,0.9175,-2.394,13679906.0,Common,0.9200000166893005,68800.0,5049315.0,0.013625610602626298,-2.127657550770317,0.0,[],,[]
FLUX,"Flux Power Holdings, Inc. Common Stock",0.64,-1.082,13671285.0,Common,0.6399999856948853,38500.0,79640.0,0.48342541436464087,-1.0819210088311604,0.0,[],,[]
NEON,Neonode Inc. Common Stock,0.7909,-3.549,13273613.0,Common,0.7900000214576721,129000.0,245230.0,0.5260367817966807,-3.6585331282255105,0.0,[],,[]
RCON,"Recon Technology, Ltd. Class A Ordinary Shares",0.422,-1.952,12924774.0,Common,0.41999998688697815,289100.0,2504890.0,0.11541424972753295,-2.3255860695907784,0.0,[],,[]
COCP,"Cocrystal Pharma, Inc. Common Stock",0.9201,-1.72,12685836.0,Common,0.9200000166893005,39700.0,36440.0,1.0894621295279912,-2.127657550770317,0.0,[],,[]
COSM,Cosmos Health Inc. Common Stock,0.1998,-6.109,12403264.0,Common,0.20000000298023224,4739500.0,13698385.0,0.34598969148552916,-6.1032847756025035,0.0,[],,[]
CISO,"CISO Global, Inc. Common Stock",0.2627,-3.277,11903814.0,Common,0.2630000114440918,125500.0,277685.0,0.4519509516178404,-3.3088245767467828,0.0,[],,[]
PRZO,ParaZero Technologies Ltd. Ordinary Shares,0.5068,-1.401,11872756.0,Common,0.5070000290870667,195200.0,426390.0,0.45779685264663805,-1.3618617707983394,0.0,[],,[]
HUDI,"Huadi International Group Co., Ltd. Ordinary Shares",0.82,1.485,11725329.0,Common,0.8199999928474426,25000.0,34035.0,0.7345379756133392,1.4851440960679303,0.0,[],,[]
BTOC,Armlogi Holding Corp. Common Stock,0.2565,0.588,11656150.0,Common,0.25699999928474426,54200.0,80010.0,0.6774153230846144,0.7843153296136918,0.0,[],,[]
GFAI,"Guardforce AI Co., Limited Ordinary Shares",0.372,-3.427,11625155.0,Common,0.3720000088214874,96200.0,286475.0,0.335805916746662,-3.376618691893211,0.0,[],,[]
THH,TryHard Holdings Limited Ordinary Shares,0.2147,-4.578,11517850.0,Common,0.2150000035762787,120100.0,150490.0,0.798059671738986,-4.444440323629388,0.0,[],,[]
DBGI,"Digital Brands Group, Inc. Common Stock",0.501,1.233,11515765.0,Common,20.040000915527344,18484.0,18518.5,0.9981369981369982,1.2325792805626468,0.0,[],,[]
OABIW,"OmniAb, Inc. Warrant",0.0793,,11496326.0,Warrant,,,,,,0.0,[],,[]
ICMB,"Investcorp Credit Management BDC, Inc. Common Stock",0.7826,0.721,11294853.0,Common,0.7829999923706055,36500.0,96850.0,0.37687145069695405,0.7721984915959369,0.0,[],,[]
BFRG,"Bullfrog AI Holdings, Inc. Common Stock",0.6015,-5.276,11152803.0,Common,0.6019999980926514,111800.0,140835.0,0.793836759328292,-5.196849270270179,0.0,[],,[]
ADGM,"Adagio Medical Holdings, Inc Common Stock",0.49,4.925,10883125.0,Common,0.49000000953674316,40300.0,73120.0,0.5511487964989059,4.92505386115564,0.0,[],,[]
PRSO,Peraso Inc. Common Stock,0.7225,-3.163,10866891.0,Common,0.7200000286102295,266100.0,411800.0,0.6461874696454589,-3.9999961853027344,0.0,[],,[]
CETY,"Clean Energy Technologies, Inc. Common Stock",0.89,-0.836,10827834.0,Common,0.8899999856948853,44800.0,44180.0,1.0140334993209597,-0.8908704003865673,0.0,[],,[]
SLDPW,"Solid Power, Inc. Warrant",0.0481,-3.8,10821716.0,Warrant,,,,,,0.0,[],,[]
GTEC,Greenland Technologies Holding Corporation Class A Ordinary Shares,0.525,-3.846,10779553.0,Common,0.5249999761581421,62200.0,62375.0,0.9971943887775551,-3.846158884585322,0.0,[],,[]
FTRK,FAST TRACK GROUP Ordinary shares,0.492,-2.051,10731750.0,Common,0.492000013589859,86600.0,9743390.0,0.008888076942419425,-1.9920241382200912,0.0,[],,[]
CCTG,CCSC Technology International Holdings Limited Class A Ordinary Shares,0.7796,-2.647,10587113.0,Common,0.7799999713897705,115000.0,2399440.0,0.04792784983162738,-2.6217263023168424,0.0,[],,[]
LOBO,LOBO TECHNOLOGIES LTD. Class A Ordinary Shares,0.7553,-5.576,10454816.0,Common,0.7549999952316284,49600.0,290335.0,0.17083713641138684,-5.625002002343506,0.0,[],,[]
NXL,"Nexalin Technology, Inc. Common Stock",0.468,1.408,10301289.0,Common,0.46799999475479126,120700.0,290810.0,0.41504762559746916,1.298697445025038,0.0,[],,[]
BCDA,"BioCardia, Inc. Common Stock",0.905,-0.11,10294125.0,Common,0.9100000262260437,272800.0,966755.0,0.2821811110364053,0.0,0.0,[],,[]
HDRNW,"Hadron Energy, Inc. Warrant",0.142,-8.328,10152836.0,Warrant,,,,,,0.0,[],,[]
WKSP,"Worksport, Ltd. Common Stock",0.66,6.195,10086513.0,Common,0.6600000262260437,329200.0,3424955.0,0.09611805118607397,6.109332554448174,0.0,[],,[]
SAGT,SAGTEC GLOBAL LIMITED Class A Ordinary shares,0.7999,-7.096,10038745.0,Common,0.800000011920929,192700.0,1312155.0,0.14685765020138628,-7.084783903395339,0.0,[],,[]
DTSS,Datasea Intelligent Technology Ltd. Class A Ordinary Shares,0.84,6.396,9718220.0,Common,0.8399999737739563,19100.0,27570.0,0.6927820094305405,6.3291077162284815,0.0,[],,[]
CHAI,"Core AI Holdings, Inc. Common Shares",0.469,-6.2,9343616.0,Common,0.4690000116825104,4398500.0,8725395.0,0.5041032526321158,-6.199997663497925,0.0,[],,[]
VTGN,"Vistagen Therapeutics, Inc. Common Stock",0.226,-3.378,9273334.0,Common,0.23000000417232513,1241100.0,4319885.0,0.28729931468083064,0.0,0.0,[],,[]
BGL,Blue Gold Limited Class A Ordinary Shares,0.22,4.762,8984310.0,Common,0.2199999988079071,331500.0,1040950.0,0.31845909986070414,4.761907465063339,0.0,[],,[]
VEEA,Veea Inc. Common Stock,0.162,-2.115,8928946.0,Common,0.16200000047683716,336400.0,3543595.0,0.09493184181600889,-2.409634552598453,0.0,[],,[]
RMCF,"Rocky Mountain Chocolate Factory, Inc. Common Stock",0.93,-6.061,8778816.0,Common,0.9300000071525574,53400.0,137350.0,0.38878776847469965,-6.06060624305064,0.0,[],,[]
ZBAO,Zhibao Technology Inc. Class A Ordinary Shares,0.2522,-3.74,8590359.0,Common,0.25200000405311584,26265000.0,45867405.0,0.5726288635688023,-3.81679033303641,0.0,[],,[]
CXAI,CXApp Inc. Class A Common Stock,0.1199,-4.08,8403704.0,Common,0.11999999731779099,3346300.0,5410450.0,0.6184882957979466,-4.000002145767212,0.0,[],,[]
KWM,"K Wave Media, Ltd. Ordinary Shares",0.1127,4.643,8254580.0,Common,0.11299999803304672,1165800.0,7749495.0,0.15043560903000777,4.629625094382642,0.0,[],,[]
SNGX,"Soligenix, Inc. Common Stock",0.3685,1.655,8020579.0,Common,0.3700000047683716,523800.0,483780.0,1.0827235520277811,2.7777750183035925,0.0,[],,[]
LIMN,"Liminatus Pharma, Inc. Class A Common Stock",0.1187,-2.705,7971935.0,Common,0.11900000274181366,2079600.0,72798875.0,0.02856637551061057,-2.45901524211669,0.0,[],,[]
BRTX,"BioRestorative Therapies, Inc. Common Stock (NV)",0.3124,-1.451,7959380.0,Common,0.3124000132083893,130400.0,346980.0,0.37581416796357137,-1.4511004530987128,0.0,[],,[]
TRAW,"Traws Pharma, Inc. Common Stock",0.52,-4.112,7918731.0,Common,0.5199999809265137,83000.0,165990.0,0.5000301222965239,-3.7037110623015317,0.0,[],,[]
APRE,"Aprea Therapeutics, Inc. Common stock",0.631,-4.394,7813532.0,Common,0.6309999823570251,30600.0,62765.0,0.487532860670756,-4.393945866160665,0.0,[],,[]
BCTXL,BriaCell Therapeutics Corp. Warrant expiring 2031,0.88,-1.124,7655813.0,Warrant,,,,,,0.0,[],,[]
RIME,"Algorhythm Holdings, Inc. Common Stock",0.4923,2.116,7594199.0,Common,0.49000000953674316,77300.0,238185.0,0.32453764930621154,2.083337601895229,0.0,[],,[]
FBGL,FBS Global Limited Ordinary Shares,0.55,2.249,7355308.0,Common,0.550000011920929,195300.0,936915.0,0.20845007284545555,2.230487842978761,0.0,[],,[]
EVGN,Evogene Ltd Ordinary Shares,0.5427,-0.312,7195399.0,Common,0.5400000214576721,70300.0,3780660.0,0.0185946369152476,0.0,0.0,[],,[]
JYD,Jayud Global Logistics Limited Class A Ordinary Shares,0.8602,4.393,7138714.0,Common,0.8600000143051147,103700.0,213785.0,0.48506677269219073,4.368933654098912,0.0,[],,[]
HXHX,Haoxin Holdings Limited Class A Ordinary Shares,0.5119,-3.524,7038625.0,Common,0.5120000243186951,9500.0,915365.0,0.010378373654225363,-3.5781531361134316,0.0,[],,[]
AGRZ,Agroz Inc. Class A Ordinary Shares,0.3206,-0.187,6547769.0,Common,0.32100000977516174,59200.0,123050.0,0.48110524177163755,0.0,0.0,[],,[]
GAUZ,Gauzy Ltd. Ordinary Shares,0.3473,-6.008,6509129.0,Common,0.34700000286102295,58800.0,144730.0,0.40627375112278036,-6.216216651604412,0.0,[],,[]
PMCB,"PharmaCyte  Biotech, Inc. Common Stock",0.6048,-0.852,6492921.0,Common,0.6047999858856201,117500.0,85480.0,1.3745905474964903,-0.8524636553358566,0.0,[],,[]
LIQT,"LiqTech International, Inc. Common Stock",0.6499,0.619,6465102.0,Common,0.6499999761581421,81500.0,293480.0,0.27770205806187814,0.0,0.0,[],,[]
NTRBW,Nutriband Inc. Warrant,0.53,,6442671.0,Warrant,0.5299999713897705,0.0,865.0,0.0,0.0,0.0,[],,[]
CSAI,"Cloudastructure, Inc. Class A Common Stock",0.2556,-4.627,6389458.0,Common,0.25600001215934753,310800.0,1419270.0,0.2189858166522226,-4.47760978263432,0.0,[],,[]
GRRRW,Gorilla Technology Group Inc. Warrant,0.2299,-3.363,6381443.0,Warrant,,,,,,0.0,[],,[]
SURG,"SurgePays, Inc. Common Stock",0.2539,-3.202,6378449.0,Common,0.2540000081062317,618100.0,13726520.0,0.0450296214918275,-3.053429991442638,0.0,[],,[]
AIDX,"20/20 Biolabs, Inc. Common Stock",0.512,-6.757,6272613.0,Common,0.5099999904632568,151100.0,261235.0,0.5784064156793691,-7.272731016490004,0.0,[],,[]
AMST,Amesite Inc. Common Stock,0.9519,-2.887,6234803.0,Common,0.9520000219345093,74900.0,121720.0,0.6153466973381532,-2.8571425095939147,0.0,[],,[]
TANH,Tantech Holdings Ltd. Class A Common Shares,0.4315,-6.541,6225313.0,Common,0.4320000112056732,94100.0,424465.0,0.22169083434441003,-6.493506577282064,0.0,[],,[]
CWD,CaliberCos Inc. Class A Common Stock,0.6915,-5.957,6113015.0,Common,0.6919999718666077,118100.0,17691965.0,0.006675346689867406,-5.850345796137198,0.0,[],,[]
FMSTW,Foremost Clean Energy Ltd. Warrant,0.37,-9.778,6100870.0,Warrant,,,,,,0.0,[],,[]
TRIB,Trinity Biotech plc American Depositary Shares,0.2986,-1.55,6046909.0,ADS/ADR,8.958000183105469,10030.0,43700.8,0.22951524914875698,-1.54961857743738,0.0,[],,[]
VCIG,VCI Global Limited Ordinary Share,0.6416,-6.322,5957200.0,Common,0.6420000195503235,1045200.0,2657355.0,0.39332343627403943,-6.2773697349194375,0.0,[],,[]
FAMI,"Farmmi, Inc. Class A Ordinary Shares",0.1952,-4.314,5941488.0,Common,0.20000000298023224,317200.0,1210385.0,0.26206537589279444,0.0,0.0,[],,[]
ALP,Alpha Compute Corp Common Stock,0.2428,-0.082,5698729.0,Common,0.24300000071525574,1479200.0,4152940.0,0.3561814040173949,0.0,0.0,[],,[]
CURX,Curanex Pharmaceuticals Inc Common Stock,0.2,-1.575,5672962.0,Common,0.20000000298023224,67500.0,70080.0,0.9631849315068494,-1.4778282092789605,0.0,[],,[]
FMFC,Kandal M Venture Limited Class A Ordinary Shares,0.2568,-1.231,5469840.0,Common,0.25699999928474426,14000.0,7009740.0,0.0019972210096237523,-1.1538428032890762,0.0,[],,[]
VVOS,"Vivos Therapeutics, Inc. Common Stock",0.3906,-3.317,5427231.0,Common,0.39100000262260437,285600.0,830940.0,0.34370712686836596,-3.217824502834208,0.0,[],,[]
KITT,"Nauticus Robotics, Inc. Common stock",0.7666,-5.996,5243677.0,Common,0.7670000195503235,108000.0,263445.0,0.40995274155895917,-6.004897807250263,0.0,[],,[]
CPOP,"Pop Culture Group Co., Ltd Class A Ordinary Shares",0.4175,2.782,5193159.0,Common,0.4180000126361847,492500.0,4547710.5,0.10829625148742428,2.9556710995053326,0.0,[],,[]
EXYNW,"Exyn Technologies, Inc. Warrant",0.6501,-7.129,5170867.0,Warrant,0.6499999761581421,500.0,6475.0,0.07722007722007722,-7.142858967489158,0.0,[],,[]
YDKG,Yueda Digital Holding Class A Ordinary Share,0.9336,-3.143,5162051.0,Common,0.9300000071525574,6400.0,30360.0,0.21080368906455862,-3.124997089616889,0.0,[],,[]
MSGY,Masonglory Limited Ordinary Shares,0.3675,-7.733,5145000.0,Common,0.36800000071525574,221000.0,179975.0,1.2279483261564106,-7.537688705608766,0.0,[],,[]
GLXG,Galaxy Payroll Group Limited Class A Ordinary Shares,0.8495,-5.611,5064307.0,Common,0.8500000238418579,108400.0,743650.0,0.1457674981510119,-5.555550404536735,0.0,[],,[]
OFAL,OFA Group Class A Ordinary Shares,0.1066,-5.076,4943098.0,Common,0.10700000077486038,294400.0,1312595.0,0.22428852768751975,-4.464287971317394,0.0,[],,[]
WALDW,Waldencast plc Warrant ,0.0383,-3.769,4925415.0,Warrant,0.03799999877810478,2400.0,16200.0,0.14814814814814814,-5.000000931322596,0.0,[],,[]
AQB,"AquaBounty Technologies, Inc. Common Stock",0.9411,-0.402,4844034.0,Common,0.9409999847412109,13500.0,51335.0,0.2629784747248466,-0.42328128428646844,0.0,[],,[]
OLB,"The OLB Group, Inc. Common Stock",0.3301,-1.668,4840893.0,Common,0.33009999990463257,193600.0,199705.0,0.9694299091159461,-1.6681576705290726,0.0,[],,[]
BGMS,"Bio Green Med Solution, Inc. Common Stock",0.8751,-2.234,4830076.0,Common,0.8799999952316284,35000.0,124515.0,0.2810906316508051,-2.222220161814694,0.0,[],,[]
IPDN,"Professional Diversity Network, Inc. Common Stock",0.3755,-3.718,4817786.0,Common,0.3799999952316284,26000.0,57970.0,0.4485078488873555,-2.5641002128344392,0.0,[],,[]
ITOC,iTonic Holdings Ltd Class A Ordinary Shares,0.28,-4.988,4774000.0,Common,0.2800000011920929,158500.0,143515.0,1.1044141727345573,-5.084741139541855,0.0,[],,[]
LIMNW,"Liminatus Pharma, Inc. Warrants",0.07,-15.561,4701225.0,Warrant,,,,,,0.0,[],27106539.0,[]
NWGL,CL Workshop Group Limited American Depositary Shares,0.2771,-1.106,4586882.0,ADS/ADR,0.2770000100135803,420500.0,4038935.0,0.10411160367770217,-1.071425416335781,0.0,[],,[]
VSEE,"VSee Health, Inc. Common Stock",0.0814,1.75,4532337.0,Common,0.08100000023841858,1501800.0,3561670.0,0.42165613321840595,1.2500025611371375,0.0,[],,[]
CLGN,CollPlant Biotechnologies Ltd Ordinary Shares,0.3124,-2.375,4512149.0,Common,0.31200000643730164,11000.0,36515.0,0.3012460632616733,-2.4999958090483205,0.0,[],,[]
TOIIW,"The Oncology Institute, Inc. Warrant",0.045,-2.174,4499232.0,Warrant,,,,,,0.0,[],,[]
FBLG,"FibroBiologics, Inc. Common Stock",0.7355,-0.622,4472252.0,Common,0.7360000014305115,46600.0,144155.0,0.323263154243696,-0.5405416290110301,0.0,[],,[]
LUCY,"Innovative Eyewear, Inc. Common Stock",0.6953,2.085,4452512.0,Common,0.6949999928474426,255600.0,13552030.0,0.018860643018057073,2.0558001008990234,0.0,[],,[]
ELAB,PMGC Holdings Inc. Common Stock,0.9489,-6.971,4311565.0,Common,0.9490000009536743,727300.0,5847775.0,0.12437209023945005,-6.960782480441495,0.0,[],,[]
ENSC,"Ensysce Biosciences, Inc. Common Stock",0.2726,-3.845,4188643.0,Common,0.27300000190734863,111400.0,1504380.0,0.07405043938366636,-3.873241912263855,0.0,[],,[]
BNCWZ,CEA Industries Inc. Warrant,0.1,9.529,4126385.0,Warrant,,,,,,0.0,[],,[]
ASPSW,Altisource Portfolio Solutions S.A. Net Settle Stakeholder Warrants,0.3625,-2.027,4088619.0,Warrant,,,,,,0.0,[],,[]
RDHL,Redhill Biopharma Ltd. American Depositary Shares,0.6682,-2.467,4063271.0,ADS/ADR,0.6679999828338623,4500.0,70140.0,0.0641573994867408,-2.481754670241437,0.0,[],,[]
SCKT,"Socket Mobile, Inc. Common Stock",0.4895,2.406,4033949.0,Common,0.49000000953674316,119900.0,136350.0,0.8793546021268793,2.083337601895229,0.0,[],,[]
NXGL,"NexGel, Inc Common Stock",0.43,4.623,3966854.0,Common,0.4300000071525574,26400.0,222470.0,0.11866768553063334,4.62286938780956,0.0,[],,[]
CYAB,"Cyabra, Inc. Common Stock",0.2749,-3.51,3866246.0,Common,0.27000001072883606,227700.0,224840.0,1.012720156555773,-3.571425150243618,0.0,[],,[]
CELZ,"Creative Medical Technology Holdings, Inc. Common Stock",0.8105,-3.65,3843260.0,Common,0.8105000257492065,164900.0,10138065.0,0.01626543132244664,-3.6495445261296076,0.0,[],,[]
MBIO,"Mustang Bio, Inc. Common Stock",0.5701,-3.536,3837982.0,Common,0.5699999928474426,22400.0,35860.0,0.6246514221974344,-3.55330404872856,0.0,[],,[]
FLDDW,"Fold Holdings, Inc. Warrant",0.075,-2.724,3808751.0,Warrant,,,,,,0.0,[],,[]
CXAIW,CXApp Inc. Warrant,0.0534,-2.555,3742767.0,Warrant,,,,,,0.0,[],,[]
CAPS,Capstone Holding Corp. Common Stock,0.2448,2.814,3721737.0,Common,0.23999999463558197,139400.0,330415.0,0.421893679161055,0.0,0.0,[],,[]
ARBEW,Arbe Robotics Ltd. Warrant,0.034,4.615,3712396.0,Warrant,,,,,,0.0,[],,[]
SVREW,SaverOne 2014 Ltd. Warrant,0.0113,,456058967.0,Warrant,,,,,,0.0,[],,[]
CHGA,Change Agents Corporation Common Stock,0.2498,-7.755,3628925.0,Common,0.25,796700.0,7561962.5,0.10535624846063439,-7.74907676033577,0.0,[],,[]
CNET,ZW Data Action Technologies Inc. Common Stock,0.91,-5.208,3502070.0,Common,0.9100000262260437,8800.0,224995.0,0.03911198026622814,-5.2083284826948155,0.0,[],,[]
CGC,Canopy Growth Corporation Common Shares,0.9051,-0.56,388849891.0,Common,0.9049999713897705,3371600.0,3605755.0,0.9350607570397877,-0.549456559579393,0.0,[],,[]
ASPSZ,Altisource Portfolio Solutions S.A. Cash Exercise Stakeholder Warrants,0.3,-5.512,3383685.0,Warrant,,,,,,0.0,[],,[]
FEED,"ENvue Medical, Inc. Common Stock",0.3842,3.28,3340725.0,Common,0.3840000033378601,130000.0,384855.0,0.337789557105923,3.225804901023846,0.0,[],,[]
DVLT,Datavault AI Inc. Common Stock,0.3737,-0.98,319723518.0,Common,0.3700000047683716,9089800.0,19400200.0,0.46854156142720177,-2.6315764707211,0.0,[],,[]
IZM,ICZOOM Group Inc. Class A Ordinary Shares,0.2755,-2.753,3310989.0,Common,0.2759999930858612,154200.0,1744670.0,0.08838347653137843,-2.473498047158017,0.0,[],,[]
RZLVW,Rezolve AI PLC Warrants,0.7308,-3.842,292606303.0,Warrant,,,,,,0.0,[],,[]
NCPL,Netcapital Inc. Common Stock,0.4046,0.847,3175260.0,Common,0.4050000011920929,58200.0,163460.0,0.3560504098862107,0.9975082731174055,0.0,[],,[]
BIAF,"bioAffinity Technologies, Inc. Common Stock",0.6678,-5.665,3167416.0,Common,0.6679999828338623,392200.0,391220.0,1.00250498440775,-5.649720510623223,0.0,[],,[]
HYFM,"Hydrofarm Holdings Group, Inc. Common Stock",0.6601,3.141,3145120.0,Common,0.6600000262260437,22400.0,42370.0,0.5286759499645975,3.1250064028428435,0.0,[],,[]
SCAGW,Scage Future Warrants,0.0432,-0.917,3136738.0,Warrant,,,,,,0.0,[],,[]
SGLY,Singularity Future Technology Ltd. Common Stock,0.2458,-6.54,3086425.0,Common,0.25,527100.0,2332395.0,0.22599088061842013,-3.8461503192516595,0.0,[],,[]
BIVIW,BioVie Inc. Warrant,0.4,,3016736.0,Warrant,,,,,,0.0,[],,[]
BETRW,Better Home & Finance Holding Company Warrant,0.1552,-3.782,2928597.0,Warrant,,,,,,0.0,[],,[]
BYND,"Beyond Meat, Inc. Common Stock",0.5601,-6.102,288643274.0,Common,0.5600000023841858,42871800.0,32595280.0,1.3152763222159773,-6.197654991544527,0.0,[],,[]
IVDA,"Iveda Solutions, Inc. Common Stock",0.248,-5.452,2762656.0,Common,0.25,134100.0,386765.0,0.3467221697930268,-3.8461503192516595,0.0,[],,[]
MVST,"Microvast Holdings, Inc. Common Stock",0.8601,-4.877,286548666.0,Common,0.8600000143051147,5615000.0,4525730.0,1.240683823383189,-4.867253398799982,0.0,[],,[]
VSTD,Vestand Inc. Class A Common Stock,0.18,-2.014,2560496.0,Common,0.18000000715255737,17300.0,53705.0,0.3221301554790057,-2.1739093463565164,0.0,[],,[]
BYAH,"Park Ha Biological Technology Co., Ltd. Class A Ordinary Shares",0.3995,-7.093,2542504.0,Common,0.4000000059604645,364800.0,5172700.0,0.07052409766659579,-6.976744347227267,0.0,[],,[]
WCT,Wellchange Holdings Company Limited Class A Ordinary shares,0.8176,-6.346,2506212.0,Common,0.8180000185966492,191600.0,225415.0,0.8499878002794845,-6.300115181022646,0.0,[],,[]
SHFS,"SHF Holdings, Inc. Class A Common Stock",0.2032,-3.651,2506056.0,Common,0.2029999941587448,187500.0,1055240.0,0.17768469732004094,-3.791469897181986,0.0,[],,[]
HTZWW,"Hertz Global Holdings, Inc Warrant",0.87,1.754,274715135.0,Warrant,,,,,,0.0,[],,[]
ORBS,Eightco Holdings Inc. Common Stock,0.6462,0.811,250733060.0,Common,0.6460000276565552,14796900.0,13097190.0,1.1297766925577166,0.7800397891241511,0.0,[],,[]
GCTK,"GlucoTrack, Inc. Common Stock",0.3123,2.092,2410681.0,Common,0.31200000643730164,335400.0,8706545.0,0.038522743522258256,1.9607883240342294,0.0,[],,[]
COCHW,"Envoy Medical, Inc Warrant",0.0313,-23.096,2406379.0,Warrant,,,,,,0.0,[],38092284.0,[]
PGYWW,Pagaya Technologies Ltd. Warrants,0.029,-1.361,2404809.0,Warrant,,,,,,0.0,[],,[]
CRGOW,Freightos Limited Warrants,0.0455,-23.401,2351599.0,Warrant,,,,,,0.0,[],34895455.0,[]
TNON,"Tenon Medical, Inc. Common Stock",0.1971,0.102,2335571.0,Common,0.19699999690055847,260900.0,6412005.0,0.04068930077253527,0.0,0.0,[],,[]
BFRGW,"Bullfrog AI Holdings, Inc. Warrants",0.1249,13.545,2315852.0,Warrant,,,,,,0.0,[],,[]
CAN,Canaan Inc. American Depositary Shares,0.2551,-6.179,196419301.0,ADS/ADR,0.2549999952316284,8659700.0,8312735.0,1.0417389703870026,-6.250006847959735,0.0,[],,[]
NEXR,Nexera Technologies Ltd Ordinary Shares,0.3615,-3.907,2216754.0,Common,0.3619999885559082,82100.0,17965890.0,0.00456977082682795,-3.72340400235692,0.0,[],,[]
HUMAW,"Humacyte, Inc. Warrant",0.0099,,2197989.0,Warrant,,,,,,0.0,[],,[]
SUGP,SU Group Holdings Limited Class A Ordinary Shares,0.487,-7.414,2174344.0,Common,0.4869999885559082,324100.0,4851775.0,0.06680029473749298,-7.414454873620027,0.0,[],,[]
NRSNW,NeuroSense Therapeutics Ltd. Warrant,0.0601,,2124524.0,Warrant,,,,,,0.0,[],,[]
SDHIR,Siddhi Acquisition Corp Right,0.1796,-10.155,,Right,,,,,,0.0,[],,[]
BGM,BGM Group Ltd. Class A Ordinary Shares,0.2907,3.415,116461210.0,Common,0.29100000858306885,20300.0,410780.0,0.0494181800477141,3.5587262211130906,0.0,[],,[]
BDMDW,Baird Medical Investment Holdings Ltd Warrant,0.0483,8.784,2038683.0,Warrant,,,,,,0.0,[],,[]
MYSZ,"My Size, Inc. Common Stock",0.414,-1.429,1994720.0,Common,0.414000004529953,4400.0,36720.0,0.11982570806100218,-1.4285672724651155,0.0,[],,[]
TDWDR,Tailwind 2.0 Acquisition Corp. Rights,0.1668,,,Right,,,,,,0.0,[],,[]
VMAR,Vision Marine Technologies Inc. Common Shares,0.8324,0.97,1889640.0,Common,0.8320000171661377,996800.0,9588925.0,0.10395325857695206,0.9708757528160663,0.0,[],,[]
MNYWW,MoneyHero Limited Warrants,0.0421,,1870638.0,Warrant,0.041999999433755875,0.0,5560.0,0.0,0.0,0.0,[],,[]
HOLOW,MicroCloud Hologram Inc. Warrant,0.08,,1832989.0,Warrant,,,,,,0.0,[],,[]
ZEOWW,Zeo Energy Corporation Warrants,0.0309,3.0,1800851.0,Warrant,,,,,,0.0,[],,[]
LOT,Lotus Technology Inc. American Depositary Shares,0.9072,2.151,582503935.0,ADS/ADR,0.9070000052452087,85100.0,111305.0,0.7645658326220744,2.1396389139926466,0.0,[],,[]
SCLXW,Scilex Holding Company Warrant,0.2076,,1762787.0,Warrant,,,,,,0.0,[],,[]
BEATW,"Heartbeam, Inc. Warrant",0.0304,,1687408.0,Warrant,,,,,,0.0,[],,[]
IMTE,Integrated Media Technology Limited Ordinary Shares,0.4701,-6.243,1620169.0,Common,0.4699999988079071,23200.0,107060.0,0.21670091537455632,-6.187622577668959,0.0,[],,[]
AEMD,"Aethlon Medical, Inc. Common Stock",0.6005,1.402,1581453.0,Common,0.6000000238418579,44600.0,184530.0,0.2416951173250962,1.6949238156632322,0.0,[],,[]
VIVS,"VivoSim Labs, Inc. Common Stock",0.45,-2.428,1572332.0,Common,0.44999998807907104,931700.0,10247975.0,0.09091552233490031,-2.1739174096029172,0.0,[],,[]
IVVD,"Invivyd, Inc. Common Stock",0.6092,-1.758,179474860.0,Common,0.609000027179718,3726600.0,4592595.0,0.8114366714243255,-1.7741899200086446,0.0,[],,[]
IBG,Innovation Beverage Group Limited Ordinary Shares,0.8604,3.663,1562384.0,Common,0.8600000143051147,9200.0,89035.0,0.10333015106418825,3.614461638270319,0.0,[],,[]
OSRHW,"OSR Health, Inc. Warrant",0.044,-7.95,1545222.0,Warrant,,,,,,0.0,[],,[]
BCGWW,"Binah Capital Group, Inc. Warrants",0.09,,1512912.0,Warrant,,,,,,0.0,[],,[]
BZFDW,"BuzzFeed, Inc. Warrant",0.0183,7.647,1489740.0,Warrant,,,,,,0.0,[],,[]
MGN,Megan Holdings Limited Class A Ordinary Shares,0.0895,-1.864,1454375.0,Common,0.09000000357627869,646700.0,14384805.0,0.04495716139356773,-1.0988951607495545,0.0,[],,[]
MRNOW,Murano Global Investments PLC Warrants,0.0183,-5.67,1450145.0,Warrant,,,,,,0.0,[],,[]
ASTLW,Algoma Steel Group Inc. Warrant,0.0131,3.968,1380591.0,Warrant,,,,,,0.0,[],,[]
RKDA,"Arcadia Biosciences, Inc. Common Stock",0.622,-4.308,1357027.0,Common,0.621999979019165,18400.0,91405.0,0.20130189814561567,-4.307692025540133,0.0,[],,[]
BTOG,Bit Origin Limited Class A Ordinary Shares,0.8695,-4.398,1284114.0,Common,0.8700000047683716,103400.0,2542935.0,0.04066167637002126,-4.395606626909715,0.0,[],,[]
HAO,Haoxi Health Technology Limited Class A Ordinary Shares,0.1736,-7.166,1271191.0,Common,0.17399999499320984,4918300.0,13028510.0,0.37750287638417596,-6.951877538277257,0.0,[],,[]
SCNI,Scinai Immunotherapeutics Ltd. American Depositary Shares,0.2471,-2.409,1238826.0,ADS/ADR,0.24699999392032623,8500.0,554010.0,0.015342683345065973,-2.371540500945252,0.0,[],,[]
ILLRW,Triller Group Inc. Warrant,0.062,-2.973,1224295.0,Warrant,,,,,,0.0,[],,[]
BTTC,Black Titan Corporation Ordinary Shares,0.8984,-1.964,1195082.0,Common,0.8980000019073486,18300.0,55150.0,0.3318223028105168,-1.965066212560833,0.0,[],,[]
VBIO,"Valion Bio, Inc. Common Stock",0.286,0.351,1187260.0,Common,0.28600001335144043,387500.0,466035.0,0.8314826139667622,0.35088313693602635,0.0,[],,[]
VSEEW,"VSee Health, Inc. Warrant",0.0211,,1174844.0,Warrant,,,,,,0.0,[],,[]
QSI,Quantum-Si Incorporated Class A Common Stock,0.79,-1.25,172030529.0,Common,0.7900000214576721,3277000.0,4263395.0,0.7686362628843915,-1.2499987892806712,0.0,[],,[]
SKYAW,"SkyAI, Inc. Warrant",0.0276,,1168092.0,Warrant,,,,,,0.0,[],,[]
SABSW,"SAB Biotherapeutics, Inc. Warrant",0.0152,36.937,1162254.0,Warrant,,,,,,0.0,[],41199618.0,[]
TNYA,"Tenaya Therapeutics, Inc. Common Stock",0.7731,-2.015,167761831.0,Common,0.7730000019073486,1403300.0,2468185.0,0.5685554364847043,-2.027880016828303,0.0,[],,[]
KDKRW,"Kodiak AI, Inc. Warrants",0.81,-4.142,161514536.0,Warrant,0.8100000023841858,8400.0,19945.0,0.4211581850087741,-4.142014797751925,0.0,[],,[]
DEFT,"Defi Technologies, Inc. Common Stock",0.3948,-3.235,153141336.0,Common,0.39500001072883606,1447100.0,2185220.0,0.66222165273977,-3.1862700698192463,0.0,[],,[]
KIDZ,KIDZ AI Inc. Class B Common Stock,0.5442,-5.026,1118418.0,Common,0.5440000295639038,4119800.0,25325595.0,0.1626733745051202,-5.061079156110594,0.0,[],,[]
AIMDW,"Ainos, Inc. Warrants",0.1249,,1064715.0,Warrant,,,,,,0.0,[],,[]
VGASW,"Verde Clean Fuels, Inc. Warrant",0.023,,1024641.0,Warrant,,,,,,0.0,[],,[]
HUMA,"Humacyte, Inc. Common Stock",0.6386,-0.931,141781402.0,Common,0.6389999985694885,5133800.0,14135905.0,0.36317448369948724,-0.9302298503026992,0.0,[],,[]
SDSTW,Stardust Power Inc. Warrant,0.0925,2.778,978625.0,Warrant,,,,,,0.0,[],,[]
RNWWW,ReNew Energy Global plc Warrant,0.0026,52.941,943200.0,Warrant,0.003000000026077032,0.0,50115.0,0.0,0.0,0.0,[],66740051.0,[]
GV,Visionary Holdings Inc. Common Shares,0.168,2.878,942034.0,Common,0.1679999977350235,252200.0,337770.0,0.7466619297154868,3.0674816900841915,0.0,[],,[]
INVZ,Innoviz Technologies Ltd. Ordinary shares,0.6249,-2.298,134055773.0,Common,0.625,616800.0,2519285.0,0.24483137080560555,-2.343747817212667,0.0,[],,[]
ARQQW,Arqit Quantum Inc. Warrants,0.0365,-1.351,879306.0,Warrant,,,,,,0.0,[],,[]
KWMWW,"K Wave Media, Ltd. Warrant",0.012,-3.226,878926.0,Warrant,,,,,,0.0,[],,[]
BNAIW,Brand Engagement Network Inc. Warrant,0.1334,7.581,868125.0,Warrant,,,,,,0.0,[],,[]
BCTXZ,BriaCell Therapeutics Corp. Warrant expiring 2030,0.0994,-0.501,864759.0,Warrant,,,,,,0.0,[],,[]
IMCC,IM Cannabis Corp. Common Shares,0.1331,-2.276,828324.0,Common,0.13300000131130219,207400.0,573085.0,0.36190093965118614,-2.205886703409714,0.0,[],,[]
ABLVW,Able View Global Inc. Warrant,0.0167,,824812.0,Warrant,,,,,,0.0,[],,[]
OGI,Organigram Global Inc. Common Shares,0.9196,0.251,129456710.0,Common,0.9200000166893005,139700.0,434690.0,0.32137845361061906,0.3271560517857116,0.0,[],,[]
GUTS,"Fractyl Health, Inc. Common Stock",0.7567,-0.172,120049670.0,Common,0.7570000290870667,2226800.0,1751435.0,1.2714145828991656,-0.13192442005389582,0.0,[],,[]
BRLSW,Borealis Foods Inc. Warrant,0.0375,,804874.0,Warrant,,,,,,0.0,[],,[]
OXBRW,Oxbridge Re Holdings Limited Warrant expiring 3/26/2029,0.0992,-13.814,803656.0,Warrant,,,,,,0.0,[],,[]
GPRO,"GoPro, Inc. Class A Common Stock",0.69,-6.643,119368002.0,Common,0.6899999976158142,4642600.0,5884005.0,0.7890204036196434,-6.630585021587124,0.0,[],,[]
HPAIW,Helport AI Limited Warrants,0.02,,752938.0,Warrant,,,,,,0.0,[],,[]
PDYNW,Palladyne AI Corp Warrants,0.015,15.385,708663.0,Warrant,,,,,,0.0,[],29764807.0,[]
LUCD,Lucid Diagnostics Inc. Common Stock,0.9455,0.053,191999643.0,Common,0.9459999799728394,777600.0,1978820.0,0.3929614618813232,0.10581874422915079,0.0,[],,[]
RANI,"Rani Therapeutics Holdings, Inc. Class A Common Stock",0.89,-0.747,110255758.0,Common,0.8899999856948853,1399100.0,1008235.0,1.3876725168239548,-0.7803822710937478,0.0,[],,[]
BNCWW,CEA Industries Inc. Warrant,0.0151,,623084.0,Warrant,,,,,,0.0,[],,[]
HUBCZ,Hub Cyber Security Ltd. Warrant ,0.0182,18.182,597616.0,Warrant,,,,,,0.0,[],,[]
CIGL,Concorde International Group Ltd Class A Ordinary Shares,0.4706,-6.849,106819361.0,Common,0.47049999237060547,109708.0,3609171.05,0.030397007645287414,-6.868573653379897,0.0,[],,[]
ONCY,"Oncolytics Biotech, Inc. Common Stock",0.8483,2.501,101248055.0,Common,0.8500000238418579,1061900.0,1568505.0,0.6770140994131354,2.4096434859410953,0.0,[],,[]
HUBCW,Hub Cyber Security Ltd. Warrant 2/27/28,0.0149,12.879,489257.0,Warrant,,,,,,0.0,[],,[]
ICG,Intchains Group Limited American Depositary Shares,0.83,,100249809.0,ADS/ADR,0.8299999833106995,15400.0,94885.0,0.16230173367760975,0.0,0.0,[],,[]
FOXXW,Foxx Development Holdings Inc. Warrant,0.0645,-3.443,454157.0,Warrant,,,,,,0.0,[],,[]
DH,Definitive Healthcare Corp. Class A Common Stock,0.6859,-2.154,98597831.0,Common,0.6859999895095825,120200.0,584240.0,0.2057373682048473,-2.1397983203223445,0.0,[],,[]
MVIS,"MicroVision, Inc. Common Stock",0.2753,-8.172,96423925.0,Common,0.2800000011920929,8858800.0,12601940.0,0.7029711298419132,-6.666669978035689,0.0,[],,[]
SKIN,SkinHealth Systems Inc. Class A Common Stock,0.74,-1.948,95904030.0,Common,0.7400000095367432,830900.0,6276625.0,0.13238006094039392,-1.9867530847180164,0.0,[],,[]
BIAFW,"bioAffinity Technologies, Inc. Warrant",0.0875,-12.5,415018.0,Warrant,,,,,,0.0,[],,[]
IVDAW,"Iveda Solutions, Inc. Warrant",0.03,9.89,334192.0,Warrant,,,,,,0.0,[],,[]
NFE,New Fortress Energy Inc. Class A Common Stock,0.335,1.546,95687608.0,Common,0.33500000834465027,1567900.0,4135480.0,0.3791337402187896,1.5151500099837776,0.0,[],,[]
CLSKW,"CleanSpark, Inc. Warrant",0.37,-1.883,94945184.0,Warrant,,,,,,0.0,[],,[]
RCKTW,"Rocket Pharmaceuticals, Inc. Warrant",0.0027,-10.0,294823.0,Warrant,,,,,,0.0,[],,[]
BTBDW,"BT Brands, Inc. Warrant",0.0476,,294393.0,Warrant,,,,,,0.0,[],,[]
SEATW,Vivid Seats Inc. Warrant,0.0262,0.769,287870.0,Warrant,0.026000000536441803,0.0,1635.0,0.0,0.0,0.0,[],,[]
NXGLW,"NexGel, Inc Warrant",0.0285,-7.468,262919.0,Warrant,,,,,,0.0,[],,[]
CINGW,Cingulate Inc. Warrants,0.0189,-12.903,254565.0,Warrant,,,,,,0.0,[],,[]
HYPR,"Hyperfine, Inc. Class A Common Stock",0.9538,-2.534,94684046.0,Common,0.9539999961853027,525300.0,1724000.0,0.3046983758700696,-2.5536237859434587,0.0,[],,[]
NVNIW,Nvni Group Limited Warrants,0.0205,1.99,239689.0,Warrant,,,,,,0.0,[],,[]
HSCSW,HeartSciences Inc. Warrant,0.0733,,233439.0,Warrant,,,,,,0.0,[],,[]
LTRYW,Sports Entertainment Gaming Global Corporation Warrants,0.01,-6.542,228164.0,Warrant,,,,,,0.0,[],,[]
LNZAW,"LanzaTech Global, Inc. Warrant",0.0215,-1.826,216917.0,Warrant,,,,,,0.0,[],,[]
TVGNW,Tevogen Bio Holdings Inc. Warrant,0.0508,-1.167,214343.0,Warrant,,,,,,0.0,[],,[]
FACWW,Factorial Energy Inc. Warrant,0.86,7.5,92039991.0,Warrant,,,,,,0.0,[],,[]
CYCUW,"Cycurion, Inc. Warrant",0.018,5.263,206507.0,Warrant,,,,,,0.0,[],,[]
PRENW,Prenetics Global Limited Warrant,0.0119,7.207,204007.0,Warrant,,,,,,0.0,[],,[]
RMSGW,Real Messenger Corporation Warrants,0.0225,,199604.0,Warrant,,,,,,0.0,[],,[]
NVX,NOVONIX Limited American Depository Shares,0.4168,-2.16,87535690.0,Common,0.4169999957084656,81500.0,231120.0,0.3526306680512288,-2.1126768446028557,0.0,[],,[]
HRTX,"Heron Therapeutics, Inc. Common Stock",0.459,-1.839,86879230.0,Common,0.46000000834465027,1265300.0,3080860.0,0.41069701317164686,-2.127657550770317,0.0,[],,[]
BENFW,Beneficient Warrant,0.0127,2.419,184385.0,Warrant,,,,,,0.0,[],,[]
CGTX,"Cognition Therapeutics, Inc. Common Stock",0.9602,-0.197,85935994.0,Common,0.9599999785423279,324900.0,2235850.0,0.14531386273676677,-0.2079037244971741,0.0,[],,[]
DFNSW,T3 Defense Inc. Warrants,0.0698,-2.786,176331.0,Warrant,,,,,,0.0,[],,[]
MYPS,"PLAYSTUDIOS, Inc.  Class A Common Stock",0.659,-3.174,84827815.0,Common,0.6589999794960022,232000.0,1308490.0,0.17730360950408486,-3.230545516417797,0.0,[],,[]
PBMWW,Psyence Biomedical Ltd. Warrant,0.0319,5.281,121677.0,Warrant,,,,,,0.0,[],,[]
AMODW,"Alpha Modus Holdings, Inc. Warrant",0.0247,-12.411,120452.0,Warrant,,,,,,0.0,[],,[]
TNONW,"Tenon Medical, Inc. Warrant",0.01,42.857,118497.0,Warrant,,,,,,0.0,[],,[]
AERTW,"Aeries Technology, Inc. Warrant",0.02,,114787.0,Warrant,,,,,,0.0,[],,[]
GGROW,Gogoro Inc. Warrant,0.0077,-1.282,113756.0,Warrant,,,,,,0.0,[],,[]
REKR,"Rekor Systems, Inc. Common Stock",0.604,-1.805,83115301.0,Common,0.6039999723434448,612600.0,2206295.0,0.2776600590582855,-1.7886239061336375,0.0,[],,[]
PIIIW,P3 Health Partners Inc. Warrant,0.013,14.035,94185.0,Warrant,,,,,,0.0,[],,[]
SDA,SunCar Technology Group Inc. Class A Ordinary Shares,0.77,-2.42,81348895.0,Common,0.7699999809265137,78500.0,188230.0,0.41704297933379375,-2.4081108250574914,0.0,[],,[]
ANGHW,Anghami Inc. Warrants,0.0095,,86116.0,Warrant,,,,,,0.0,[],,[]
SWVLW,Swvl Holdings Corp Warrant,0.0085,-8.602,84697.0,Warrant,,,,,,0.0,[],,[]
ONFOW,Onfolio Holdings Inc. Warrant,0.0118,14.563,83076.0,Warrant,,,,,,0.0,[],,[]
KITTW,"Nauticus Robotics, Inc. Warrant",0.0121,-9.701,82766.0,Warrant,,,,,,0.0,[],,[]
ERNAW,Ernexa Therapeutics Inc. Warrants,0.068,,79311.0,Warrant,,,,,,0.0,[],,[]
ICUCW,SeaStar Medical Holding Corporation Warrant,0.0191,,76343.0,Warrant,,,,,,0.0,[],,[]
EUDAW,EUDA Health Holdings Limited Warrant,0.0245,,73361.0,Warrant,,,,,,0.0,[],,[]
SXTPW,"60 Degrees Pharmaceuticals, Inc. Warrant",0.0269,-7.241,71535.0,Warrant,,,,,,0.0,[],,[]
STEX,Streamex Corp. Common Stock,0.764,0.328,79665960.0,Common,0.7639999985694885,845900.0,1895645.0,0.4462333401032366,0.2624638040637382,0.0,[],,[]
GDEVW,GDEV Inc. Warrant,0.0036,2.857,65342.0,Warrant,,,,,,0.0,[],,[]
BLNK,Blink Charging Co. Common Stock,0.554,0.09,79599971.0,Common,0.5540000200271606,854900.0,1071470.0,0.7978758154684685,0.0,0.0,[],,[]
PROP,Prairie Operating Co. Common Stock,0.8036,-1.435,78537574.0,Common,0.8040000200271606,1763500.0,1769940.0,0.9963614585805168,-1.3496905056236435,0.0,[],,[]
MSAIW,"MultiSensor AI Holdings, Inc. Warrant",0.0289,-3.667,58362.0,Warrant,,,,,,0.0,[],,[]
ALPS,ALPS Group Inc Ordinary Share,0.4713,-0.987,78424474.0,Common,0.47099998593330383,36600.0,278385.0,0.13147260089444474,-1.0504254030983144,0.0,[],,[]
ACONW,"Aclarion, Inc. Warrant",0.021,,51707.0,Warrant,,,,,,0.0,[],,[]
GIPRW,Generation Income Properties Inc Warrant,0.0485,,49974.0,Warrant,,,,,,0.0,[],,[]
ARBE,Arbe Robotics Ltd. Ordinary Shares,0.7104,-4.104,77567235.0,Common,0.7099999785423279,612500.0,1978470.0,0.309582657305898,-4.1835382266467835,0.0,[],,[]
GIBOW,GIBO Holdings Limited Warrants,0.0172,,44801.0,Warrant,,,,,,0.0,[],,[]
MKDWW,MKDWELL Tech Inc. Warrants,0.0106,-0.935,44503.0,Warrant,,,,,,0.0,[],,[]
DFSCW,DEFSEC Technologies Inc. Warrant,0.0163,-0.61,43466.0,Warrant,,,,,,0.0,[],,[]
DRMAW,"Dermata Therapeutics, Inc. Warrant",0.0104,14.286,41830.0,Warrant,,,,,,0.0,[],,[]
APLMW,Apollomics Inc. Warrant,0.0187,6.25,41066.0,Warrant,,,,,,0.0,[],,[]
REVBW,"Revelation Biosciences, Inc. Warrant",0.0099,8.791,38693.0,Warrant,,,,,,0.0,[],,[]
CDIOW,Cardio Diagnostics Holdings Inc. Warrant,0.012,-6.25,35514.0,Warrant,,,,,,0.0,[],,[]
XOSWW,"Xos, Inc. Warrants",0.0023,-4.167,31553.0,Warrant,,,,,,0.0,[],,[]
KIDZW,KIDZ AI Inc. Warrants,0.0152,6.294,31238.0,Warrant,,,,,,0.0,[],,[]
ASBPW,"Aspire Biopharma Holdings, Inc. Warrant",0.021,-3.67,27200.0,Warrant,,,,,,0.0,[],,[]
BNZIW,"Banzai International, Inc. Warrant",0.0078,-12.36,25588.0,Warrant,,,,,,0.0,[],,[]
TEAD,Teads Holding Co. Common Stock,0.7589,-3.337,73606796.0,Common,0.7590000033378601,192000.0,384130.0,0.49983078645250306,-3.312104715866186,0.0,[],,[]
SQFTW,"Presidio Property Trust, Inc. Series A Common Stock Purchase Warrants",0.0158,1.935,22705.0,Warrant,,,,,,0.0,[],,[]
MLECW,Moolec Science SA Warrant,0.0208,,15103.0,Warrant,,,,,,0.0,[],,[]
DAICW,"CID HoldCo, Inc. Warrants",0.0095,1.064,11499.0,Warrant,,,,,,0.0,[],,[]
EDBLW,Edible Garden AG Incorporated Warrant,0.0355,8.232,10786.0,Warrant,,,,,,0.0,[],,[]
CDTTW,CDT Equity Inc. Warrant,0.0114,14.0,7194.0,Warrant,,,,,,0.0,[],,[]
AACBR,Artius II Acquisition Inc. Rights,0.17,-5.556,,Right,,,,,,0.0,[],,[]
AACIW,Armada Acquisition Corp. III Warrant,0.2893,,,Warrant,,,,,,0.0,[],,[]
AACOW,Abony Acquisition Corp. I Warrants,0.46,,,Warrant,,,,,,0.0,[],,[]
AACPR,Apogee Acquisition Corp Rights,0.2,,,Right,0.20000000298023224,0.0,9005.0,0.0,0.0,0.0,[],,[]
AACPW,Apogee Acquisition Corp Warrant,0.108,-1.818,,Warrant,,,,,,0.0,[],,[]
CYPH,Cypherpunk Technologies Inc. Common Stock,0.661,-1.666,70373023.0,Common,0.6610000133514404,1917700.0,1740790.0,1.1016262731288669,-1.636901448951681,0.0,[],,[]
ADACW,American Drive Acquisition Company Warrant,0.5601,-6.65,,Warrant,,,,,,0.0,[],,[]
AESPR,Aeon Acquisition I Corp. Rights,0.18,,,Right,,,,,,0.0,[],,[]
AESPW,Aeon Acquisition I Corp. Warrants,0.065,,,Warrant,,,,,,0.0,[],,[]
AFJKR,"Aimei Health Technology Co., Ltd Right",0.1,-9.173,,Right,,,,,,0.0,[],,[]
ALFUW,Centurion Acquisition Corp. Warrant,0.2361,7.318,,Warrant,,,,,,0.0,[],,[]
ALISR,Calisa Acquisition Corp Right,0.5011,,,Right,,,,,,0.0,[],,[]
ALOVW,"Aldabra 4 Liquidity Opportunity Vehicle, Inc. Warrants",0.3701,,,Warrant,,,,,,0.0,[],,[]
ALPXR,Alpex Acquisition Corporation Rights,0.17,,,Right,,,,,,0.0,[],,[]
ANSCW,Agriculture & Natural Solutions Acquisition Corporation Warrant,0.1851,32.12,,Warrant,,,,,,0.0,[],32922446.0,[]
APACR,StoneBridge Acquisition II Corporation Rights,0.1301,-13.267,,Right,,,,,,0.0,[],,[]
APMCR,AmperCap Acquisition Company Right,0.145,,,Right,,,,,,0.0,[],,[]
APURR,Aperture AC Rights,0.1993,4.895,,Right,,,,,,0.0,[],,[]
APXTW,Apex Treasury Corporation Warrants,0.4004,-23.0,,Warrant,,,,,,0.0,[],31780421.0,[]
ARCIW,Archimedes Tech SPAC Partners III Co. Warrant,0.65,4.737,,Warrant,,,,,,0.0,[],,[]
ARCLW,ARC Group Acquisition I Corp Warrants,0.1199,,,Warrant,,,,,,0.0,[],,[]
GOSS,"Gossamer Bio, Inc. Common Stock",0.1425,-1.452,69660658.0,Common,0.14300000667572021,13857900.0,19067665.0,0.7267748830284149,-1.3793029031059671,0.0,[],,[]
BACCR,Blue Acquisition Corp. Right ,0.505,-14.537,,Right,,,,,,0.0,[],,[]
BDCIW,BTC Development Corp. Warrant,0.41,,,Warrant,,,,,,0.0,[],,[]
BEAGR,Bold Eagle Acquisition Corp. Right,0.3001,,,Right,,,,,,0.0,[],,[]
BIDWR,Tribeca Strategic Acquisition Corp. Rights,0.145,-6.452,,Right,,,,,,0.0,[],,[]
BIXIW,Bitcoin Infrastructure Acquisition Corp Ltd. Warrant,0.25,,,Warrant,0.25,1100.0,2325.0,0.4731182795698925,0.0,0.0,[],,[]
BLRKW,Bluerock Acquisition Corp. Warrants,0.4939,7.838,,Warrant,,,,,,0.0,[],,[]
BLZRW,Trailblazer Acquisition Corp. Warrant,0.3691,3.972,,Warrant,,,,,,0.0,[],,[]
BPACR,Blueport Acquisition Ltd Rights,0.1812,-9.4,,Right,,,,,,0.0,[],,[]
BREZR,Breeze Acquisition Corp. II Right,0.27,,,Right,,,,,,0.0,[],,[]
BRKHW,Burtech Acquisition Corp II Warrants,0.16,,,Warrant,,,,,,0.0,[],,[]
BSAAR,BEST SPAC I Acquisition Corp. Rights,0.1559,-13.389,,Right,,,,,,0.0,[],,[]
CAIIW,Collective Acquisition Corp. II Warrants,0.263,5.2,,Warrant,,,,,,0.0,[],,[]
CAPNR,Cayson Acquisition Corp Right,0.1978,-10.091,,Right,,,,,,0.0,[],,[]
CAQUW,Cambridge Acquisition Corp. Warrants,0.35,,,Warrant,,,,,,0.0,[],,[]
CCAQW,Collective Acquisition Corp. Warrants,0.39,11.429,,Warrant,,,,,,0.0,[],,[]
CIRC,"Circle8 Group, Inc. Common Stock",0.7688,7.359,69163688.0,Common,0.7689999938011169,1390300.0,16015940.0,0.08680726825899697,7.402230695442167,0.0,[],,[]
CHARR,Charlton Aria Acquisition Corporation Rights,0.1,,,Right,,,,,,0.0,[],,[]
CHECW,Chenghe Acquisition III Co. Warrants,0.2,5.263,,Warrant,,,,,,0.0,[],,[]
CHPGR,ChampionsGate Acquisition Corporation Rights,0.1306,-6.714,,Right,,,,,,0.0,[],,[]
COLAR,Columbus Acquisition Corp Rights,0.45,-5.976,,Right,,,,,,0.0,[],,[]
CRACR,Crown Reserve Acquisition Corp. I Rights,0.12,,,Right,,,,,,0.0,[],,[]
CRACW,Crown Reserve Acquisition Corp. I Warrant,0.0453,,,Warrant,,,,,,0.0,[],,[]
CRANR,Crane Harbor Acquisition Corp. II Rights,0.22,,,Right,,,,,,0.0,[],,[]
CRAQR,Cal Redwood Acquisition Corp. Right,0.2342,1.826,,Right,,,,,,0.0,[],,[]
CTAAR,ClearThink 1 Acquisition Corp. Rights,0.2101,2.488,,Right,,,,,,0.0,[],,[]
CUBWW,Lionheart Holdings Warrant,0.43,7.5,,Warrant,,,,,,0.0,[],,[]
DAAQW,Digital Asset Acquisition Corp. Warrant,0.32,0.503,,Warrant,,,,,,0.0,[],,[]
DBCAW,D. Boral Acquisition I Corp. Warrants,0.4,,,Warrant,,,,,,0.0,[],,[]
DMAAR,Drugs Made In America Acquisition Corp. Rights,0.1699,4.747,,Right,,,,,,0.0,[],,[]
DMIIR,Drugs Made In America Acquisition II Corp. Right,0.08,,,Right,,,,,,0.0,[],,[]
ZTEK,Zentek Ltd. Common Stock,0.5408,-0.497,68475843.0,Common,0.5400000214576721,103000.0,263190.0,0.39135225502488696,0.0,0.0,[],,[]
DRDBW,Roman DBDR Acquisition Corp. II Warrants,0.2112,-3.473,,Warrant,,,,,,0.0,[],,[]
DSACW,Daedalus Special Acquisition Corp. Warrant,0.6,,,Warrant,,,,,,0.0,[],,[]
DTSQR,DT Cloud Star Acquisition Corporation Right,0.125,,,Right,,,,,,0.0,[],,[]
NNOX,NANO-X IMAGING LTD Ordinary Shares,0.9738,-0.521,67766964.0,Common,0.9739999771118164,1056100.0,3919255.0,0.269464477304998,-0.5107247571886918,0.0,[],,[]
EGHAR,EGH Acquisition Corp. Rights,0.4,2.564,,Right,,,,,,0.0,[],,[]
EMISR,Emmis Acquisition Corp. Rights,0.15,,,Right,,,,,,0.0,[],,[]
DCGO,DocGo Inc. Common Stock,0.67,-0.608,66181537.0,Common,0.6700000166893005,245600.0,1206290.0,0.20359946613169305,-0.5934729909609647,0.0,[],,[]
EVOXW,Evolution Global Acquisition Corp Warrants,0.35,-13.58,,Warrant,,,,,,0.0,[],,[]
FACTW,FACT II Acquisition Corp. Warrant,0.1751,-2.722,,Warrant,,,,,,0.0,[],,[]
FERAR,Fifth Era Acquisition Corp I Rights,0.315,,,Right,,,,,,0.0,[],,[]
FGIIW,FG Imperii Acquisition Corp. Warrants,0.2019,-6.093,,Warrant,,,,,,0.0,[],,[]
FIGXW,FIGX Capital Acquisition Corp. Warrant,0.28,,,Warrant,,,,,,0.0,[],,[]
FMACR,Future Money Acquisition Corporation Rights,0.1804,0.167,,Right,,,,,,0.0,[],,[]
KNDI,"Kandi Technologies Group, Inc. Ordinary Shares",0.6561,-7.825,65882521.0,Common,0.6600000262260437,111600.0,2794295.0,0.039938517586725814,-7.042247017941754,0.0,[],,[]
FVNNR,Future Vision II Acquisition Corporation Right,0.22,,,Right,0.2199999988079071,8613.0,25233.846153846152,0.34132727716132183,4.761907465063339,0.0,[],,[]
FXACW,FortuneX Acquisition Corporation Warrant,0.17,,,Warrant,,,,,,0.0,[],,[]
GCGRW,General Catalyst Global Resilience Merger Corp. Warrants,0.75,7.143,,Warrant,,,,,,0.0,[],,[]
GIWWR,GigCapital8 Corp. Rights,0.2745,,,Right,,,,,,0.0,[],,[]
GIXXR,GigCapital9 Corp. Rights,0.285,,,Right,,,,,,0.0,[],,[]
GPACW,General Purpose Acquisition Corp. Warrant,0.28,-0.036,,Warrant,,,,,,0.0,[],,[]
GPATW,GP-Act III Acquisition Corp. Warrants,0.17,-10.808,,Warrant,,,,,,0.0,[],,[]
GSHRW,Gesher Acquisition Corp. II Warrants,0.3829,,,Warrant,,,,,,0.0,[],,[]
GTENW,"Gores Holdings X, Inc. Warrants",0.9,,,Warrant,,,,,,0.0,[],,[]
GTERW,Globa Terra Acquisition Corporation Warrants,0.096,,,Warrant,,,,,,0.0,[],,[]
GUACW,Berto Acquisition Corp. II Warrants,0.55,-0.686,,Warrant,,,,,,0.0,[],,[]
HACQW,HCM IV Acquisition Corp. Warrants,0.54,-2.404,,Warrant,,,,,,0.0,[],,[]
HAVAR,Harvard Ave Acquisition Corporation Rights that convert on a 1/10th of 1 basis to Class A ordinary Shares,0.118,1.375,,Right,,,,,,0.0,[],,[]
HCACR,Hall Chadwick Acquisition Corp Rights,0.2301,3.045,,Right,,,,,,0.0,[],,[]
HCICR,Hennessy Capital Investment Corp. VIII Share Rights,0.161,,,Right,,,,,,0.0,[],,[]
IACOW,Idea Acquisition Corp. Warrants,0.33,,,Warrant,,,,,,0.0,[],,[]
IACQW,Irenic Acquisition Corp. Warrants,0.61,,,Warrant,,,,,,0.0,[],,[]
IBACR,IB Acquisition Corp. Right,0.115,,,Right,,,,,,0.0,[],,[]
CRDF,"Cardiff Oncology, Inc. Common Stock",0.8381,-2.547,65200197.0,Common,0.8399999737739563,654000.0,2012460.0,0.3249754032378283,-2.3255860695907784,0.0,[],,[]
IEAGR,Infinite Eagle Acquisition Corp. Rights,0.1701,-5.5,,Right,,,,,,0.0,[],,[]
IGACR,Invest Green Acquisition Corporation Rights,0.155,-3.125,,Right,0.1550000011920929,0.0,5785.0,0.0,0.0,0.0,[],,[]
ILLUW,Illumination Acquisition Corp I Warrant,0.4399,4.738,,Warrant,,,,,,0.0,[],,[]
IPCXR,Inflection Point Acquisition Corp. III Rights,0.4599,14.975,,Right,,,,,,0.0,[],,[]
IPEXR,Inflection Point Acquisition Corp. V Rights,0.65,,,Right,,,,,,0.0,[],,[]
IRHOR,Iron Horse Acquisitions Corp. II Rights,0.18,11.111,,Right,,,,,,0.0,[],,[]
KBONW,Karbon Capital Partners Corp. Warrant,0.66,-2.941,,Warrant,,,,,,0.0,[],,[]
KCHVR,Kochav Defense Acquisition Corp. Right,0.18,,,Right,,,,,,0.0,[],,[]
KEYYW,Keystone Acquisition Corp. Warrants,0.415,,,Warrant,,,,,,0.0,[],,[]
KFIIR,K&F Growth Acquisition Corp. II Rights,0.1349,-2.81,,Right,,,,,,0.0,[],,[]
KOYNW,CSLM Digital Asset Acquisition Corp III Warrants,0.2199,-0.045,,Warrant,,,,,,0.0,[],,[]
KRAQW,KRAKacquisition Corp Warrants,0.4,,,Warrant,,,,,,0.0,[],,[]
LATAW,Galata Acquisition Corp. II Warrant,0.2799,4.129,,Warrant,,,,,,0.0,[],,[]
LCCCR,Lakeshore Acquisition III Corp. Rights,0.2,,,Right,,,,,,0.0,[],,[]
LKSPR,Lake Superior Acquisition Corp. Rights,0.95,0.327,,Right,,,,,,0.0,[],,[]
LPAAW,Launch One Acquisition Corp. Warrant,0.172,,,Warrant,,,,,,0.0,[],,[]
LPCVW,Launchpad Cadenza Acquisition Corp I Warrant,0.315,,,Warrant,,,,,,0.0,[],,[]
LWACW,LightWave Acquisition Corp. Warrants,0.2328,,,Warrant,,,,,,0.0,[],,[]
MACIW,Melar Acquisition Corp. I Warrant,0.1599,14.214,,Warrant,,,,,,0.0,[],,[]
MBVIW,M3-Brigade Acquisition VI Corp. Warrant,0.36,,,Warrant,,,,,,0.0,[],,[]
MCGAW,Yorkville Acquisition Corp. Warrant,0.2599,-0.038,,Warrant,,,,,,0.0,[],,[]
MESHW,Meshflow Acquisition Corp. Warrants,0.31,3.333,,Warrant,,,,,,0.0,[],,[]
MKLYR,McKinley Acquisition Corporation Rights,0.2048,2.4,,Right,,,,,,0.0,[],,[]
MLAAW,Mountain Lake Acquisition Corp. II Warrants,0.27,,,Warrant,,,,,,0.0,[],,[]
MYXXR,Maywood Acquisition Corp. 2 Rights,0.23,,,Right,,,,,,0.0,[],,[]
MYXXW,Maywood Acquisition Corp. 2 Warrants,0.06,,,Warrant,,,,,,0.0,[],,[]
NBRGR,Newbridge Acquisition Limited Rights,0.2499,,,Right,,,,,,0.0,[],,[]
NOEMR,CO2 Energy Transition Corp. Right,0.2,,,Right,,,,,,0.0,[],,[]
NOEMW,CO2 Energy Transition Corp. Warrant,0.14,-12.609,,Warrant,,,,,,0.0,[],,[]
NPACW,New Providence Acquisition Corp. III Warrants,0.3,,,Warrant,,,,,,0.0,[],,[]
OACCW,Oaktree Acquisition Corp. III Life Sciences Warrant,0.98,,,Warrant,,,,,,0.0,[],,[]
OBAWW,Oxley Bridge Acquisition Limited Warrants,0.22,-8.333,,Warrant,,,,,,0.0,[],,[]
OIMAW,OneIM Acquisition Corp. Warrant,0.7501,,,Warrant,,,,,,0.0,[],,[]
ONCHW,1RT Acquisition Corp. Warrant,0.55,10.0,,Warrant,,,,,,0.0,[],,[]
SFWL,Shengfeng Development Limited Class A Ordinary Shares,0.78,,64348060.0,Common,0.7799999713897705,0.0,8735.0,0.0,0.0,0.0,[],,[]
OTGAW,OTG Acquisition Corp. I Warrants,0.4299,4.854,,Warrant,0.4300000071525574,0.0,19350.0,0.0,0.0,0.0,[],,[]
PACHW,Pioneer Acquisition I Corp Warrants,0.2311,-0.043,,Warrant,,,,,,0.0,[],,[]
PALOW,Paloma Acquisition Corp I Warrants,0.35,,,Warrant,,,,,,0.0,[],,[]
PCAPW,ProCap Acquisition Corp Warrant,0.36,7.463,,Warrant,,,,,,0.0,[],,[]
PECER,Peace Acquisition Corp Right,0.4,,,Right,,,,,,0.0,[],,[]
PGACR,Pantages Capital Acquisition Corporation Right,0.1702,,,Right,,,,,,0.0,[],,[]
PLMKW,Plum Acquisition Corp. IV Warrants,0.44,-8.314,,Warrant,,,,,,0.0,[],,[]
PMTRW,Perimeter Acquisition Corp. I Warrant,0.9121,,,Warrant,,,,,,0.0,[],,[]
POLEW,Andretti Acquisition Corp. II Warrant,0.21,,,Warrant,,,,,,0.0,[],,[]
PONOR,"Pono Capital Four, Inc. Rights",0.2002,,,Right,,,,,,0.0,[],,[]
PTACW,Patriot Acquisition Corp. Warrants,0.1999,14.229,,Warrant,,,,,,0.0,[],,[]
PTORW,Praetorian Acquisition Corp. Warrant,0.549,-6.949,,Warrant,,,,,,0.0,[],,[]
QADRW,QDRO Acquisition Corp. Warrant,0.25,4.167,,Warrant,,,,,,0.0,[],,[]
QETAR,Quetta Acquisition Corporation Right,0.7,,,Right,,,,,,0.0,[],,[]
QSEAR,Quartzsea Acquisition Corporation Rights,0.2196,9.8,,Right,,,,,,0.0,[],,[]
QUMSR,Quantumsphere Acquisition Corp. Rights,0.1799,,,Right,,,,,,0.0,[],,[]
RANGR,Range Capital Acquisition Corp. Rights,0.278,,,Right,,,,,,0.0,[],,[]
SATLW,Satellogic Inc. Warrant,0.425,11.842,63003741.0,Warrant,,,,,,0.0,[],,[]
RFAIR,RF Acquisition Corp II Right,0.11,,,Right,,,,,,0.0,[],,[]
RFAMR,RF Acquisition Corp III Rights,0.12,,,Right,,,,,,0.0,[],,[]
RIBBR,Ribbon Acquisition Corp Rights,0.23,-11.538,,Right,,,,,,0.0,[],,[]
RNGTW,Range Capital Acquisition Corp II Warrants,0.3775,7.857,,Warrant,0.3779999911785126,100.0,20470.0,0.004885197850512946,7.999999318804048,0.0,[],,[]
RREVW,RRE Ventures Acquisition Corp. Warrants,0.5868,,,Warrant,,,,,,0.0,[],,[]
RTACW,Renatus Tactical Acquisition Corp I Warrant,0.69,-6.757,,Warrant,0.6899999976158142,1100.0,73715.0,0.014922336023875738,-6.7567582806154425,0.0,[],,[]
LGO,Largo Inc. Common Shares,0.6332,-2.913,61888335.0,Common,0.6299999952316284,288000.0,3348020.0,0.08602099151140077,-3.076920255401327,0.0,[],,[]
TAVIR,Tavia Acquisition Corp. Right,0.1115,10.615,,Right,,,,,,0.0,[],,[]
SHOTR,RMG ML Sports Holdings Rights,0.155,3.333,,Right,,,,,,0.0,[],,[]
SIMAW,SIM Acquisition Corp. I Warrant,0.2756,,,Warrant,,,,,,0.0,[],,[]
SOCAW,Solarius Capital Acquisition Corp. Warrant,0.2502,-9.249,,Warrant,,,,,,0.0,[],,[]
SORNW,Soren Acquisition Corp. Warrant,0.2599,3.96,,Warrant,,,,,,0.0,[],,[]
SPEGR,Silver Pegasus Acquisition Corp Rights.,0.25,-5.66,,Right,,,,,,0.0,[],,[]
SSACR,SPACSphere Acquisition Corp. Rights,0.16,10.345,,Right,,,,,,0.0,[],,[]
SSACW,SPACSphere Acquisition Corp. Warrant,0.1019,6.035,,Warrant,,,,,,0.0,[],,[]
SSEAR,Starry Sea Acquisition Corp Rights,0.165,-0.061,,Right,,,,,,0.0,[],,[]
SVAQW,Silicon Valley Acquisition Corp. Warrants,0.66,-14.508,,Warrant,,,,,,0.0,[],,[]
SVCCW,Stellar V Capital Corp. Warrant,0.2801,,,Warrant,,,,,,0.0,[],,[]
SVIVW,Spring Valley Acquisition Corp. IV Warrants,0.7603,,,Warrant,,,,,,0.0,[],,[]
SZZLR,Sizzle Acquisition Corp. II Right,0.2,-6.977,,Right,,,,,,0.0,[],,[]
TACHW,Titan Acquisition Corp. Warrants,0.63,,,Warrant,,,,,,0.0,[],,[]
TACOW,Berto Acquisition Corp. Warrant,0.7749,0.715,,Warrant,,,,,,0.0,[],,[]
VFSWW,VinFast Auto Ltd. Warrant,0.28,-0.036,655070083.0,Warrant,0.2800000011920929,0.0,690.0,0.0,0.0,0.0,[],,[]
ZKPW,Lafayette Digital Acquisition Corp. I Warrant,0.4,,,Warrant,,,,,,0.0,[],,[]
TMTSW,Spartacus Acquisition Corp. II Warrants,0.5702,,,Warrant,,,,,,0.0,[],,[]
TRGSR,TRG Latin America Acquisitions Corp. Rights,0.1702,0.059,,Right,,,,,,0.0,[],,[]
TVACW,Texas Ventures Acquisition III Corp Warrants,0.6,,,Warrant,,,,,,0.0,[],,[]
TVAIR,Thayer Ventures Acquisition Corporation II Rights,0.1721,-9.373,,Right,,,,,,0.0,[],,[]
TVIVW,Texas Ventures Acquisition IV Corp Warrant,0.34,,,Warrant,,,,,,0.0,[],,[]
VHCPW,Vine Hill Capital Investment Corp. II Warrants,0.4675,-6.481,,Warrant,,,,,,0.0,[],,[]
VLOSW,Velos Acquisition I Corp. Warrant,0.28,,,Warrant,,,,,,0.0,[],,[]
VNMEW,Vendome Acquisition Corporation I Warrant,0.2875,8.491,,Warrant,,,,,,0.0,[],,[]
WENNW,Wen Acquisition Corp Warrant,0.3,-0.033,,Warrant,,,,,,0.0,[],,[]
WLIIW,Willow Lane Acquisition Corp. II Warrants,0.84,,,Warrant,,,,,,0.0,[],,[]
WSTNR,Westin Acquisition Corp Right,0.17,4.874,,Right,,,,,,0.0,[],,[]
XRPNW,Armada Acquisition Corp. II Warrant,0.805,0.625,,Warrant,,,,,,0.0,[],,[]
XSLLW,Xsolla SPAC 1 Warrants,0.24,,,Warrant,,,,,,0.0,[],,[]
YICCW,Yorkville International Capital Corp. Warrants,0.5,-9.091,,Warrant,,,,,,0.0,[],,[]
AUROW,"Aurora Innovation, Inc. Warrant",0.2626,,515011931.0,Warrant,,,,,,0.0,[],,[]
